SHAP_WEIGHT,PERM_WEIGHT,TOP_K,TOTAL_SLICES,ACCURACY
0.2,0.8,5,30,0.3333333333333333
0.2,0.8,10,60,0.3333333333333333
0.2,0.8,15,90,0.3333333333333333
0.2,0.8,20,120,0.3333333333333333
0.3,0.7,5,30,0.3333333333333333
0.3,0.7,10,60,0.3333333333333333
0.3,0.7,15,90,0.3333333333333333
0.3,0.7,20,120,0.3333333333333333
0.4,0.6,5,30,0.3333333333333333
0.4,0.6,10,60,0.3333333333333333
0.4,0.6,15,90,0.3333333333333333
0.4,0.6,20,120,0.3333333333333333
0.5,0.5,5,30,0.3333333333333333
0.5,0.5,10,60,0.3333333333333333
0.5,0.5,15,90,0.3333333333333333
0.5,0.5,20,120,0.3333333333333333
0.6,0.4,5,30,0.3333333333333333
0.6,0.4,10,60,0.3333333333333333
0.6,0.4,15,90,0.3333333333333333
0.6,0.4,20,120,0.3333333333333333
0.7,0.3,5,30,0.3333333333333333
0.7,0.3,10,60,0.3333333333333333
0.7,0.3,15,90,0.3333333333333333
0.7,0.3,20,120,0.3333333333333333
0.8,0.2,5,30,0.5
0.8,0.2,10,60,0.3333333333333333
0.8,0.2,15,90,0.3333333333333333
0.8,0.2,20,120,0.16666666666666666
