SUB_ID,SLICE_PATH,LABEL,SHAP_SCORE,PERMUTATION_SCORE,SHAP_NORM,PERMUTATION_NORM,COMBINED_SCORE,SLICE_RANK,BEST_SCORE,BEST_RANK
51487,/content/drive/MyDrive/ASD_XAI_Project/slices/Control/51487/slice_028.jpg,Control,0.0002670046069308,0.44969442486763,0.6618298632187483,0.6458172477231336,0.653823555470941,3.0,0.6586273401196254,3.0
51487,/content/drive/MyDrive/ASD_XAI_Project/slices/Control/51487/slice_029.jpg,Control,0.0003363136537113,0.3327337205410003,0.9229374152400364,0.4778470973655494,0.7003922563027929,1.0,0.8339193516651391,1.0
51487,/content/drive/MyDrive/ASD_XAI_Project/slices/Control/51487/slice_129.jpg,Control,0.0002964498660359,0.2340559363365173,0.7727588094487275,0.3361334992369643,0.5544461543428459,17.0,0.6854337474063749,2.0
51487,/content/drive/MyDrive/ASD_XAI_Project/slices/Control/51487/slice_161.jpg,Control,0.0002826656449428,0.2317051291465759,0.7208295968375946,0.3327574470882577,0.5267935219629262,26.0,0.6432151668877273,4.0
51487,/content/drive/MyDrive/ASD_XAI_Project/slices/Control/51487/slice_171.jpg,Control,0.0002907610134658,0.0599021613597869,0.751327229627798,0.086026970410923,0.4186771000193605,83.0,0.618267177784423,5.0
51460,/content/drive/MyDrive/ASD_XAI_Project/slices/ASD/51460/slice_016.jpg,ASD,0.0002975175920832,0.1761482656002044,0.7767812473178096,0.2529708659710721,0.5148760566444408,10.0,0.6720191710484622,5.0
51460,/content/drive/MyDrive/ASD_XAI_Project/slices/ASD/51460/slice_061.jpg,ASD,0.0003021548780959,0.2599592506885528,0.7942512668180536,0.3733338874487215,0.5837925771333875,3.0,0.7100677909441871,3.0
51460,/content/drive/MyDrive/ASD_XAI_Project/slices/ASD/51460/slice_066.jpg,ASD,0.0003123692282461,0.1834906637668609,0.832731726254373,0.2635154649553118,0.5481235956048424,5.0,0.7188884739945608,2.0
51460,/content/drive/MyDrive/ASD_XAI_Project/slices/ASD/51460/slice_069.jpg,ASD,0.0003075974441143,0.1762384176254272,0.8147550128049124,0.2531003355165822,0.5339276741607473,6.0,0.7024240773472464,4.0
51460,/content/drive/MyDrive/ASD_XAI_Project/slices/ASD/51460/slice_150.jpg,ASD,0.0003241381430002,0.4140892028808594,0.8770686875045002,0.5946837108223015,0.7358761991634009,1.0,0.8205916921680605,1.0
51463,/content/drive/MyDrive/ASD_XAI_Project/slices/ASD/51463/slice_015.jpg,ASD,0.000312588922733,0.2347514331340789,0.8335593799638333,0.3371323193307062,0.5853458496472698,8.0,0.734273967837208,2.0
51463,/content/drive/MyDrive/ASD_XAI_Project/slices/ASD/51463/slice_068.jpg,ASD,0.0003155873436097,0.0247852802276611,0.8448553127664313,0.0355947518481831,0.4402250323073072,30.0,0.6830032005827817,4.0
51463,/content/drive/MyDrive/ASD_XAI_Project/slices/ASD/51463/slice_138.jpg,ASD,0.0002747886269669,0.4188853502273559,0.6911545547405852,0.6015715762431387,0.646363065491862,4.0,0.673237959041096,5.0
51463,/content/drive/MyDrive/ASD_XAI_Project/slices/ASD/51463/slice_139.jpg,ASD,0.000294164675548,0.4849500954151153,0.7641498251686872,0.6964487851861845,0.7302993051774358,1.0,0.7506096171721868,1.0
51463,/content/drive/MyDrive/ASD_XAI_Project/slices/ASD/51463/slice_140.jpg,ASD,0.0002814058203822,0.4948033988475799,0.7160834674032028,0.7105993571120168,0.7133414122576098,2.0,0.7149866453449656,3.0
51475,/content/drive/MyDrive/ASD_XAI_Project/slices/Control/51475/slice_011.jpg,Control,0.0002925117936428,0.3220508694648742,0.7579229331813561,0.4625051916217753,0.6102140624015657,9.0,0.69883938486944,3.0
51475,/content/drive/MyDrive/ASD_XAI_Project/slices/Control/51475/slice_042.jpg,Control,0.0002561593364284,0.5018477439880371,0.6209725413620717,0.7207159147988527,0.6708442280804622,3.0,0.640921216049428,5.0
51475,/content/drive/MyDrive/ASD_XAI_Project/slices/Control/51475/slice_136.jpg,Control,0.0002808375016553,0.4857076108455658,0.7139424437065611,0.6975366717672674,0.7057395577369143,1.0,0.7106612893187024,2.0
51475,/content/drive/MyDrive/ASD_XAI_Project/slices/Control/51475/slice_142.jpg,Control,0.0002880917293746,0.4608030021190643,0.74127125184311,0.6617705493206637,0.7015209005818869,2.0,0.7253711113386209,1.0
51475,/content/drive/MyDrive/ASD_XAI_Project/slices/Control/51475/slice_165.jpg,Control,0.0002749903600734,0.3484415709972381,0.6919145426504851,0.5004055285764325,0.5961600356134589,11.0,0.6536127398356746,4.0
51476,/content/drive/MyDrive/ASD_XAI_Project/slices/Control/51476/slice_109.jpg,Control,0.0003374924705207,0.121713787317276,0.9273783646641246,0.1747961699955248,0.5510872673298247,41.0,0.7768619257304047,4.0
51476,/content/drive/MyDrive/ASD_XAI_Project/slices/Control/51476/slice_110.jpg,Control,0.0003411400163048,0.1410316526889801,0.9411197417975912,0.2025390326069799,0.5718293872022855,30.0,0.793403599959469,2.0
51476,/content/drive/MyDrive/ASD_XAI_Project/slices/Control/51476/slice_130.jpg,Control,0.0003567693404611,0.3629350364208221,1.0,0.5212199515094822,0.7606099757547411,1.0,0.9042439903018965,1.0
51476,/content/drive/MyDrive/ASD_XAI_Project/slices/Control/51476/slice_139.jpg,Control,0.0003361119460844,0.1077346801757812,0.922177523319279,0.1547204296694037,0.5384489764943414,51.0,0.7686861045893041,5.0
51476,/content/drive/MyDrive/ASD_XAI_Project/slices/Control/51476/slice_151.jpg,Control,0.0003360044887089,0.1398908197879791,0.9217726997995978,0.2009006543583429,0.5613366770789704,37.0,0.7775982907113469,3.0
51466,/content/drive/MyDrive/ASD_XAI_Project/slices/ASD/51466/slice_008.jpg,ASD,0.0002860538125163,0.2661614120006561,0.7335938200097332,0.3822409641813193,0.5579173920955263,36.0,0.6633232488440504,2.0
51466,/content/drive/MyDrive/ASD_XAI_Project/slices/ASD/51466/slice_036.jpg,ASD,0.0002475900183577,0.6466618180274963,0.5886894013122828,0.9286869759372396,0.7586881886247612,1.0,0.6566889162372742,3.0
51466,/content/drive/MyDrive/ASD_XAI_Project/slices/ASD/51466/slice_140.jpg,ASD,0.0002513600774222,0.4541399478912353,0.6028923219847426,0.6522015729115984,0.6275469474481705,13.0,0.6127541721701137,5.0
51466,/content/drive/MyDrive/ASD_XAI_Project/slices/ASD/51466/slice_144.jpg,ASD,0.0002867939558966,0.3110458552837372,0.7363821576821143,0.4467006195021453,0.5915413885921298,22.0,0.6784458500461206,1.0
51466,/content/drive/MyDrive/ASD_XAI_Project/slices/ASD/51466/slice_168.jpg,ASD,0.0002975103057395,0.0836691856384277,0.7767537975193336,0.1201593797925131,0.4484565886559234,94.0,0.6454349139739696,4.0
