SUB_ID,SLICE_PATH,LABEL,SHAP_SCORE,PERMUTATION_SCORE,SHAP_NORM,PERMUTATION_NORM,COMBINED_SCORE,SLICE_RANK
51460,/content/drive/MyDrive/ASD_XAI_Project/slices/ASD/51460/slice_150.jpg,ASD,0.0003241381430002,0.4140892028808594,0.8770686875045002,0.5946837108223015,0.7358761991634009,1.0
51460,/content/drive/MyDrive/ASD_XAI_Project/slices/ASD/51460/slice_163.jpg,ASD,0.0002515519028513,0.4310973584651947,0.6036149847616,0.6191095422778627,0.6113622635197313,2.0
51460,/content/drive/MyDrive/ASD_XAI_Project/slices/ASD/51460/slice_061.jpg,ASD,0.0003021548780959,0.25995925068855286,0.7942512668180536,0.3733338874487215,0.5837925771333875,3.0
51460,/content/drive/MyDrive/ASD_XAI_Project/slices/ASD/51460/slice_162.jpg,ASD,0.0002348888919208,0.41341209411621094,0.5408405246374288,0.5937112982358587,0.5672759114366437,4.0
51460,/content/drive/MyDrive/ASD_XAI_Project/slices/ASD/51460/slice_066.jpg,ASD,0.0003123692282461,0.18349066376686096,0.832731726254373,0.2635154649553118,0.5481235956048424,5.0
51460,/content/drive/MyDrive/ASD_XAI_Project/slices/ASD/51460/slice_069.jpg,ASD,0.0003075974441143,0.17623841762542725,0.8147550128049124,0.2531003355165822,0.5339276741607473,6.0
51460,/content/drive/MyDrive/ASD_XAI_Project/slices/ASD/51460/slice_158.jpg,ASD,0.0002598058711014,0.2922147512435913,0.634710109342817,0.4196568068367453,0.5271834580897812,7.0
51460,/content/drive/MyDrive/ASD_XAI_Project/slices/ASD/51460/slice_008.jpg,ASD,0.0002587420339772,0.29026666283607483,0.6307023221901682,0.41685910905778356,0.5237807156239759,8.0
51460,/content/drive/MyDrive/ASD_XAI_Project/slices/ASD/51460/slice_057.jpg,ASD,0.0002859376737171,0.20953571796417236,0.7331562910151441,0.30091940925250577,0.517037850133825,9.0
51460,/content/drive/MyDrive/ASD_XAI_Project/slices/ASD/51460/slice_016.jpg,ASD,0.0002975175920832,0.17614826560020447,0.7767812473178096,0.2529708659710721,0.5148760566444408,10.0
51460,/content/drive/MyDrive/ASD_XAI_Project/slices/ASD/51460/slice_115.jpg,ASD,0.000263554238922,0.2527920603752136,0.6488313127235509,0.3630409087811938,0.5059361107523723,11.0
51460,/content/drive/MyDrive/ASD_XAI_Project/slices/ASD/51460/slice_059.jpg,ASD,0.0002403746680074,0.28993701934814453,0.5615070556524253,0.41638569991963903,0.48894637778603217,12.0
51460,/content/drive/MyDrive/ASD_XAI_Project/slices/ASD/51460/slice_071.jpg,ASD,0.0002704787006274,0.2107970416545868,0.6749177953538507,0.3027308272937039,0.48882431132377724,13.0
51460,/content/drive/MyDrive/ASD_XAI_Project/slices/ASD/51460/slice_157.jpg,ASD,0.0002446966658201,0.2769946753978729,0.5777892918270102,0.39779888076680897,0.48779408629690957,14.0
51460,/content/drive/MyDrive/ASD_XAI_Project/slices/ASD/51460/slice_122.jpg,ASD,0.000221985364799,0.3192722499370575,0.49222914508861326,0.4585147476298299,0.4753719463592216,15.0
51460,/content/drive/MyDrive/ASD_XAI_Project/slices/ASD/51460/slice_044.jpg,ASD,0.0002920348855643,0.13482266664505005,0.7561262802666121,0.1936221547087881,0.4748742174877001,16.0
51460,/content/drive/MyDrive/ASD_XAI_Project/slices/ASD/51460/slice_103.jpg,ASD,0.0002808430093029,0.16013817489147186,0.713963192633996,0.22997838008389454,0.4719707863589453,17.0
51460,/content/drive/MyDrive/ASD_XAI_Project/slices/ASD/51460/slice_107.jpg,ASD,0.0002584048333151,0.21050530672073364,0.6294319881787983,0.30231185956444817,0.46587192387162324,18.0
51460,/content/drive/MyDrive/ASD_XAI_Project/slices/ASD/51460/slice_159.jpg,ASD,0.0002346939434612,0.27183622121810913,0.5401060964866897,0.3903906975724952,0.4652483970295925,19.0
51460,/content/drive/MyDrive/ASD_XAI_Project/slices/ASD/51460/slice_073.jpg,ASD,0.0002640319558522,0.1901053637266159,0.6506310128204037,0.2730149986081489,0.46182300571427626,20.0
51463,/content/drive/MyDrive/ASD_XAI_Project/slices/ASD/51463/slice_139.jpg,ASD,0.000294164675548,0.48495009541511536,0.7641498251686872,0.6964487851861845,0.7302993051774358,1.0
51463,/content/drive/MyDrive/ASD_XAI_Project/slices/ASD/51463/slice_140.jpg,ASD,0.0002814058203822,0.49480339884757996,0.7160834674032028,0.7105993571120168,0.7133414122576098,2.0
51463,/content/drive/MyDrive/ASD_XAI_Project/slices/ASD/51463/slice_135.jpg,ASD,0.0002596327255401,0.4801713824272156,0.6340578191187489,0.6895859576774541,0.6618218883981015,3.0
51463,/content/drive/MyDrive/ASD_XAI_Project/slices/ASD/51463/slice_138.jpg,ASD,0.0002747886269669,0.41888535022735596,0.6911545547405852,0.6015715762431387,0.646363065491862,4.0
51463,/content/drive/MyDrive/ASD_XAI_Project/slices/ASD/51463/slice_136.jpg,ASD,0.0002617792352264,0.43327170610427856,0.6421443520551313,0.6222321765161676,0.6321882642856494,5.0
51463,/content/drive/MyDrive/ASD_XAI_Project/slices/ASD/51463/slice_137.jpg,ASD,0.0002628665271228,0.40688973665237427,0.6462405002289865,0.5843443799174888,0.6152924400732376,6.0
51463,/content/drive/MyDrive/ASD_XAI_Project/slices/ASD/51463/slice_062.jpg,ASD,0.0002590833175653,0.4094654619693756,0.6319880377839211,0.5880434425322993,0.6100157401581102,7.0
51463,/content/drive/MyDrive/ASD_XAI_Project/slices/ASD/51463/slice_015.jpg,ASD,0.000312588922733,0.23475143313407898,0.8335593799638333,0.3371323193307062,0.5853458496472698,8.0
51463,/content/drive/MyDrive/ASD_XAI_Project/slices/ASD/51463/slice_133.jpg,ASD,0.0002730998815699,0.32820725440979004,0.684792554437878,0.47134652778514885,0.5780695411115134,9.0
51463,/content/drive/MyDrive/ASD_XAI_Project/slices/ASD/51463/slice_145.jpg,ASD,0.0002454157193253,0.3641049861907959,0.5804981777407019,0.5229001452113302,0.551699161476016,10.0
51463,/content/drive/MyDrive/ASD_XAI_Project/slices/ASD/51463/slice_144.jpg,ASD,0.0002537112831651,0.3263925611972809,0.6117500051349852,0.46874040213369234,0.5402452036343388,11.0
51463,/content/drive/MyDrive/ASD_XAI_Project/slices/ASD/51463/slice_143.jpg,ASD,0.0002619473829731,0.29269683361053467,0.6427778140425365,0.4203491372063887,0.5315634756244626,12.0
51463,/content/drive/MyDrive/ASD_XAI_Project/slices/ASD/51463/slice_134.jpg,ASD,0.0002591026353251,0.29116547107696533,0.6320608134633773,0.4181499097265569,0.5251053615949671,13.0
51463,/content/drive/MyDrive/ASD_XAI_Project/slices/ASD/51463/slice_063.jpg,ASD,0.000248835872255,0.3066226541996002,0.5933828991514667,0.44034835140114725,0.516865625276307,14.0
51463,/content/drive/MyDrive/ASD_XAI_Project/slices/ASD/51463/slice_132.jpg,ASD,0.0002709852740066,0.23081278800964355,0.6768262061761919,0.33147593398688135,0.5041510700815366,15.0
51463,/content/drive/MyDrive/ASD_XAI_Project/slices/ASD/51463/slice_108.jpg,ASD,0.000255699328437,0.269439697265625,0.6192395560430689,0.3869489904542639,0.5030942732486664,16.0
51463,/content/drive/MyDrive/ASD_XAI_Project/slices/ASD/51463/slice_111.jpg,ASD,0.0002797144449537,0.19901017844676971,0.70971155899876,0.2858034225156656,0.4977574907572128,17.0
51463,/content/drive/MyDrive/ASD_XAI_Project/slices/ASD/51463/slice_141.jpg,ASD,0.0002187183856459,0.35128018260002136,0.4799214743184171,0.5044821286659356,0.4922018014921763,18.0
51463,/content/drive/MyDrive/ASD_XAI_Project/slices/ASD/51463/slice_069.jpg,ASD,0.0002545357809634,0.24435439705848694,0.6148561306952292,0.3509233725185931,0.48288975160691117,19.0
51463,/content/drive/MyDrive/ASD_XAI_Project/slices/ASD/51463/slice_049.jpg,ASD,0.0002685336147288,0.19937939941883087,0.6675900850325269,0.2863336698542853,0.4769618774434061,20.0
51466,/content/drive/MyDrive/ASD_XAI_Project/slices/ASD/51466/slice_036.jpg,ASD,0.0002475900183577,0.6466618180274963,0.5886894013122828,0.9286869759372397,0.7586881886247612,1.0
51466,/content/drive/MyDrive/ASD_XAI_Project/slices/ASD/51466/slice_035.jpg,ASD,0.0002243991542864,0.6451693177223206,0.5013225996003416,0.9265435594614889,0.7139330795309153,2.0
51466,/content/drive/MyDrive/ASD_XAI_Project/slices/ASD/51466/slice_031.jpg,ASD,0.0002043900170721,0.6871790885925293,0.42594229820000795,0.9868748268746077,0.7064085625373078,3.0
51466,/content/drive/MyDrive/ASD_XAI_Project/slices/ASD/51466/slice_045.jpg,ASD,0.0001997957693149,0.6891277432441711,0.4086344164589581,0.9896733378507148,0.6991538771548365,4.0
51466,/content/drive/MyDrive/ASD_XAI_Project/slices/ASD/51466/slice_046.jpg,ASD,0.000215366757845,0.6244542598724365,0.46729490721021516,0.8967941542938007,0.682044530752008,5.0
51466,/content/drive/MyDrive/ASD_XAI_Project/slices/ASD/51466/slice_042.jpg,ASD,0.0002412420673956,0.5362277030944824,0.5647748041123763,0.7700898214766907,0.6674323127945335,6.0
51466,/content/drive/MyDrive/ASD_XAI_Project/slices/ASD/51466/slice_029.jpg,ASD,0.0002059572306814,0.6266411542892456,0.43184645253522375,0.8999348072688526,0.6658906299020382,7.0
51466,/content/drive/MyDrive/ASD_XAI_Project/slices/ASD/51466/slice_040.jpg,ASD,0.0002117727764137,0.6094831824302673,0.4537553227385278,0.8752938209685709,0.6645245718535493,8.0
51466,/content/drive/MyDrive/ASD_XAI_Project/slices/ASD/51466/slice_034.jpg,ASD,0.0001792392975467,0.6821153163909912,0.33119214490979076,0.979602618802967,0.6553973818563789,9.0
51466,/content/drive/MyDrive/ASD_XAI_Project/slices/ASD/51466/slice_038.jpg,ASD,0.0002253529270545,0.5473353862762451,0.5049157419710896,0.786041839078728,0.6454787905249089,10.0
51466,/content/drive/MyDrive/ASD_XAI_Project/slices/ASD/51466/slice_131.jpg,ASD,0.0002167115621286,0.5591715574264526,0.4723611802402076,0.8030400562081866,0.6377006182241971,11.0
51466,/content/drive/MyDrive/ASD_XAI_Project/slices/ASD/51466/slice_037.jpg,ASD,0.0002258732244973,0.5249063372612,0.5068758553750827,0.753830928951907,0.6303533921634948,12.0
51466,/content/drive/MyDrive/ASD_XAI_Project/slices/ASD/51466/slice_140.jpg,ASD,0.0002513600774222,0.45413994789123535,0.6028923219847426,0.6522015729115984,0.6275469474481705,13.0
51466,/content/drive/MyDrive/ASD_XAI_Project/slices/ASD/51466/slice_028.jpg,ASD,0.0001797769991783,0.6379507780075073,0.33321782500880537,0.9161768366528326,0.624697330830819,14.0
51466,/content/drive/MyDrive/ASD_XAI_Project/slices/ASD/51466/slice_030.jpg,ASD,0.0001912591775976,0.6071803569793701,0.3764745662020574,0.8719866765779706,0.624230621390014,15.0
51466,/content/drive/MyDrive/ASD_XAI_Project/slices/ASD/51466/slice_044.jpg,ASD,0.0001743828095112,0.6461930871009827,0.3128963269571069,0.9280138199002866,0.6204550734286968,16.0
51466,/content/drive/MyDrive/ASD_XAI_Project/slices/ASD/51466/slice_021.jpg,ASD,0.0001922644601925,0.5908414125442505,0.38026176123123206,0.848521915748667,0.6143918384899495,17.0
51466,/content/drive/MyDrive/ASD_XAI_Project/slices/ASD/51466/slice_033.jpg,ASD,0.0001886004768833,0.5781773924827576,0.3664584591090445,0.8303348043927027,0.5983966317508735,18.0
51466,/content/drive/MyDrive/ASD_XAI_Project/slices/ASD/51466/slice_156.jpg,ASD,0.0002113173883687,0.5164504051208496,0.4520397421156074,0.7416871563814063,0.5968634492485068,19.0
51466,/content/drive/MyDrive/ASD_XAI_Project/slices/ASD/51466/slice_145.jpg,ASD,0.0002162483451389,0.49800074100494385,0.47061610568135126,0.7151911389930257,0.5929036223371884,20.0
51475,/content/drive/MyDrive/ASD_XAI_Project/slices/Control/51475/slice_136.jpg,Control,0.0002808375016553,0.4857076108455658,0.7139424437065611,0.6975366717672674,0.7057395577369143,1.0
51475,/content/drive/MyDrive/ASD_XAI_Project/slices/Control/51475/slice_142.jpg,Control,0.0002880917293746,0.46080300211906433,0.74127125184311,0.6617705493206637,0.7015209005818869,2.0
51475,/content/drive/MyDrive/ASD_XAI_Project/slices/Control/51475/slice_042.jpg,Control,0.0002561593364284,0.5018477439880371,0.6209725413620717,0.7207159147988527,0.6708442280804622,3.0
51475,/content/drive/MyDrive/ASD_XAI_Project/slices/Control/51475/slice_030.jpg,Control,0.0002390458034387,0.48178234696388245,0.5565008322138032,0.6918995035559827,0.624200167884893,4.0
51475,/content/drive/MyDrive/ASD_XAI_Project/slices/Control/51475/slice_134.jpg,Control,0.0002358413812906,0.4879896640777588,0.5444288320695365,0.7008139846625883,0.6226214083660624,5.0
51475,/content/drive/MyDrive/ASD_XAI_Project/slices/Control/51475/slice_135.jpg,Control,0.0002067497376489,0.558573842048645,0.4348320592324141,0.8021816624214922,0.6185068608269532,6.0
51475,/content/drive/MyDrive/ASD_XAI_Project/slices/Control/51475/slice_132.jpg,Control,0.0002440668980599,0.45933401584625244,0.5754167715595114,0.6596609019263698,0.6175388367429406,7.0
51475,/content/drive/MyDrive/ASD_XAI_Project/slices/Control/51475/slice_164.jpg,Control,0.000229686243169,0.4963393807411194,0.5212406175154726,0.7128052185685607,0.6170229180420166,8.0
51475,/content/drive/MyDrive/ASD_XAI_Project/slices/Control/51475/slice_011.jpg,Control,0.0002925117936428,0.32205086946487427,0.7579229331813561,0.46250519162177534,0.6102140624015657,9.0
51475,/content/drive/MyDrive/ASD_XAI_Project/slices/Control/51475/slice_158.jpg,Control,0.0002132752238211,0.5259634256362915,0.45941548375371744,0.7553490396227313,0.6073822616882243,10.0
51475,/content/drive/MyDrive/ASD_XAI_Project/slices/Control/51475/slice_165.jpg,Control,0.0002749903600734,0.34844157099723816,0.6919145426504851,0.5004055285764325,0.5961600356134589,11.0
51475,/content/drive/MyDrive/ASD_XAI_Project/slices/Control/51475/slice_138.jpg,Control,0.0001763483126862,0.6002076864242554,0.3203009551601125,0.8619730525297964,0.5911370038449544,12.0
51475,/content/drive/MyDrive/ASD_XAI_Project/slices/Control/51475/slice_163.jpg,Control,0.0002403732813096,0.4258381724357605,0.5615018315542046,0.6115566955913758,0.5865292635727902,13.0
51475,/content/drive/MyDrive/ASD_XAI_Project/slices/Control/51475/slice_029.jpg,Control,0.0002160024355573,0.4875842034816742,0.4696896920044542,0.700231692706666,0.5849606923555601,14.0
51475,/content/drive/MyDrive/ASD_XAI_Project/slices/Control/51475/slice_145.jpg,Control,0.000230863635067,0.44142526388168335,0.5256761988794769,0.6339417018110499,0.5798089503452635,15.0
51475,/content/drive/MyDrive/ASD_XAI_Project/slices/Control/51475/slice_139.jpg,Control,0.0002029395504519,0.5123721361160278,0.42047796408950666,0.7358302537414773,0.578154108915492,16.0
51475,/content/drive/MyDrive/ASD_XAI_Project/slices/Control/51475/slice_161.jpg,Control,0.000216491929449,0.46977901458740234,0.4715337593770143,0.6746612220692461,0.5730974907231302,17.0
51475,/content/drive/MyDrive/ASD_XAI_Project/slices/Control/51475/slice_130.jpg,Control,0.0001888136719623,0.5396799445152283,0.36726162763850034,0.7750476704726575,0.571154649055579,18.0
51475,/content/drive/MyDrive/ASD_XAI_Project/slices/Control/51475/slice_157.jpg,Control,0.0002346533720249,0.4168996512889862,0.5399532519605226,0.5987198650537857,0.5693365585071541,19.0
51475,/content/drive/MyDrive/ASD_XAI_Project/slices/Control/51475/slice_171.jpg,Control,0.0002350000102502,0.41416120529174805,0.5412591400465572,0.5947871152593106,0.568023127652934,20.0
51476,/content/drive/MyDrive/ASD_XAI_Project/slices/Control/51476/slice_130.jpg,Control,0.0003567693404611,0.36293503642082214,1.0,0.5212199515094822,0.7606099757547411,1.0
51476,/content/drive/MyDrive/ASD_XAI_Project/slices/Control/51476/slice_127.jpg,Control,0.0003002631557836,0.45964130759239197,0.78712459281209,0.6601022111771979,0.723613401994644,2.0
51476,/content/drive/MyDrive/ASD_XAI_Project/slices/Control/51476/slice_135.jpg,Control,0.0002906597410448,0.441658616065979,0.7509457066497325,0.6342768246346348,0.6926112656421837,3.0
51476,/content/drive/MyDrive/ASD_XAI_Project/slices/Control/51476/slice_131.jpg,Control,0.0003051577493451,0.4011888802051544,0.805563965482008,0.5761572394576266,0.6908606024698174,4.0
51476,/content/drive/MyDrive/ASD_XAI_Project/slices/Control/51476/slice_169.jpg,Control,0.0002701895419398,0.4846823215484619,0.6738284495819482,0.6960642285361321,0.6849463390590402,5.0
51476,/content/drive/MyDrive/ASD_XAI_Project/slices/Control/51476/slice_126.jpg,Control,0.0002987620866678,0.4002635180950165,0.7814696242264946,0.5748283041227212,0.6781489641746079,6.0
51476,/content/drive/MyDrive/ASD_XAI_Project/slices/Control/51476/slice_129.jpg,Control,0.0002936162545862,0.40054795145988464,0.7620837622019543,0.5752367858887868,0.6686602740453705,7.0
51476,/content/drive/MyDrive/ASD_XAI_Project/slices/Control/51476/slice_038.jpg,Control,0.0002428323261076,0.5174860954284668,0.5707657761233732,0.7431745367601061,0.6569701564417396,8.0
51476,/content/drive/MyDrive/ASD_XAI_Project/slices/Control/51476/slice_128.jpg,Control,0.0002913081499573,0.3717491924762726,0.753388453617352,0.5338781782740429,0.6436333159456975,9.0
51476,/content/drive/MyDrive/ASD_XAI_Project/slices/Control/51476/slice_042.jpg,Control,0.0002683601168038,0.4284501373767853,0.6669364673508268,0.615307802823489,0.6411221350871579,10.0
51476,/content/drive/MyDrive/ASD_XAI_Project/slices/Control/51476/slice_125.jpg,Control,0.0002923137947536,0.36221766471862793,0.7571770131656664,0.5201897163260198,0.6386833647458432,11.0
51476,/content/drive/MyDrive/ASD_XAI_Project/slices/Control/51476/slice_039.jpg,Control,0.0002497346686729,0.4565829932689667,0.596768929451185,0.655710090595298,0.6262395100232414,12.0
51476,/content/drive/MyDrive/ASD_XAI_Project/slices/Control/51476/slice_046.jpg,Control,0.0003087733385318,0.3005429804325104,0.8191849527197014,0.4316171820510441,0.6254010673853727,13.0
51476,/content/drive/MyDrive/ASD_XAI_Project/slices/Control/51476/slice_065.jpg,Control,0.0002218256818581,0.5249333381652832,0.4916275725128136,0.7538697056157854,0.6227486390642994,14.0
51476,/content/drive/MyDrive/ASD_XAI_Project/slices/Control/51476/slice_044.jpg,Control,0.0002820574807519,0.3580871820449829,0.7185384635658327,0.5142578283493193,0.616398145957576,15.0
51476,/content/drive/MyDrive/ASD_XAI_Project/slices/Control/51476/slice_134.jpg,Control,0.0002988723119295,0.31044939160346985,0.7818848751870877,0.4458440233091406,0.6138644492481141,16.0
51476,/content/drive/MyDrive/ASD_XAI_Project/slices/Control/51476/slice_037.jpg,Control,0.0002298271010225,0.48783373832702637,0.5217712704535636,0.700590055848668,0.6111806631511159,17.0
51476,/content/drive/MyDrive/ASD_XAI_Project/slices/Control/51476/slice_064.jpg,Control,0.0002118271966318,0.5237592458724976,0.45396033969646626,0.7521835627348213,0.6030719512156438,18.0
51476,/content/drive/MyDrive/ASD_XAI_Project/slices/Control/51476/slice_085.jpg,Control,0.000214469705883,0.5038564801216125,0.46391544878863994,0.7236007102720666,0.5937580795303533,19.0
51476,/content/drive/MyDrive/ASD_XAI_Project/slices/Control/51476/slice_076.jpg,Control,0.0002057125207109,0.5228602886199951,0.43092455814595576,0.7508925480667993,0.5909085531063776,20.0
51487,/content/drive/MyDrive/ASD_XAI_Project/slices/Control/51487/slice_029.jpg,Control,0.0003363136537113,0.33273372054100037,0.9229374152400363,0.4778470973655494,0.7003922563027929,1.0
51487,/content/drive/MyDrive/ASD_XAI_Project/slices/Control/51487/slice_046.jpg,Control,0.0002357532435243,0.5355393886566162,0.544096791196545,0.7691013161467398,0.6565990536716424,2.0
51487,/content/drive/MyDrive/ASD_XAI_Project/slices/Control/51487/slice_028.jpg,Control,0.0002670046069308,0.44969442486763,0.6618298632187483,0.6458172477231336,0.653823555470941,3.0
51487,/content/drive/MyDrive/ASD_XAI_Project/slices/Control/51487/slice_064.jpg,Control,0.0001989384698066,0.6051886081695557,0.4054047172153631,0.8691262770191172,0.6372654971172401,4.0
51487,/content/drive/MyDrive/ASD_XAI_Project/slices/Control/51487/slice_032.jpg,Control,0.0002520276961343,0.458303302526474,0.6054074379140109,0.6581806691225791,0.631794053518295,5.0
51487,/content/drive/MyDrive/ASD_XAI_Project/slices/Control/51487/slice_073.jpg,Control,0.0002472506647967,0.46965306997299194,0.5874109566979305,0.6744803499041797,0.6309456533010551,6.0
51487,/content/drive/MyDrive/ASD_XAI_Project/slices/Control/51487/slice_061.jpg,Control,0.0002160930153031,0.5350170135498047,0.4700309325320212,0.768351120380227,0.6191910264561241,7.0
51487,/content/drive/MyDrive/ASD_XAI_Project/slices/Control/51487/slice_063.jpg,Control,0.0002146728454607,0.5248046517372131,0.4646807352889703,0.7536848958645416,0.6091828155767559,8.0
51487,/content/drive/MyDrive/ASD_XAI_Project/slices/Control/51487/slice_048.jpg,Control,0.0002180401114351,0.5003501176834106,0.4773662159934535,0.718565136748944,0.5979656763711987,9.0
51487,/content/drive/MyDrive/ASD_XAI_Project/slices/Control/51487/slice_047.jpg,Control,0.0001836538708984,0.5830764770507812,0.3478231403515735,0.837370500494595,0.5925968204230843,10.0
51487,/content/drive/MyDrive/ASD_XAI_Project/slices/Control/51487/slice_043.jpg,Control,0.0002102843801114,0.510979950428009,0.4481480963664515,0.7338309015600032,0.5909894989632274,11.0
51487,/content/drive/MyDrive/ASD_XAI_Project/slices/Control/51487/slice_121.jpg,Control,0.0002044255384303,0.5221844911575317,0.42607611759754543,0.7499220186737456,0.5879990681356455,12.0
51487,/content/drive/MyDrive/ASD_XAI_Project/slices/Control/51487/slice_049.jpg,Control,0.0002265611520094,0.43941131234169006,0.5094674805235483,0.6310494163641288,0.5702584484438386,13.0
51487,/content/drive/MyDrive/ASD_XAI_Project/slices/Control/51487/slice_044.jpg,Control,0.000210290695987,0.4777859151363373,0.448171890126334,0.6861601293034821,0.567166009714908,14.0
51487,/content/drive/MyDrive/ASD_XAI_Project/slices/Control/51487/slice_056.jpg,Control,0.0002046424759172,0.4828653335571289,0.4268933848776092,0.6934548072962444,0.5601740960869268,15.0
51487,/content/drive/MyDrive/ASD_XAI_Project/slices/Control/51487/slice_118.jpg,Control,0.000192355322807,0.5105822086334229,0.38060406740833885,0.7332596947651675,0.5569318810867532,16.0
51487,/content/drive/MyDrive/ASD_XAI_Project/slices/Control/51487/slice_129.jpg,Control,0.0002964498660359,0.23405593633651733,0.7727588094487275,0.3361334992369643,0.5544461543428459,17.0
51487,/content/drive/MyDrive/ASD_XAI_Project/slices/Control/51487/slice_045.jpg,Control,0.0002100242613065,0.45812419056892395,0.4471681523687041,0.6579234420255491,0.5525457971971266,18.0
51487,/content/drive/MyDrive/ASD_XAI_Project/slices/Control/51487/slice_160.jpg,Control,0.0002347160756178,0.38806354999542236,0.5401894748261594,0.5573076292272984,0.5487485520267289,19.0
51487,/content/drive/MyDrive/ASD_XAI_Project/slices/Control/51487/slice_038.jpg,Control,0.0002294427972069,0.39976605772972107,0.5203234850173919,0.5741138890306039,0.5472186870239979,20.0
