SUB_ID,SLICE_PATH,LABEL,IG_SCORE,IG_RANK,K,SELECTION_METHOD,PREDICTION_PROBABILITY
51460,/content/drive/MyDrive/ASD_XAI_Project/slices/ASD/51460/slice_148.jpg,ASD,1.2916590321765398e-06,1.0,5,IG_Diverse,0.44972917
51460,/content/drive/MyDrive/ASD_XAI_Project/slices/ASD/51460/slice_130.jpg,ASD,8.11891254670627e-07,45.0,5,IG_Diverse,0.47683614
51460,/content/drive/MyDrive/ASD_XAI_Project/slices/ASD/51460/slice_067.jpg,ASD,3.723449140125013e-07,89.0,5,IG_Diverse,0.5029973
51460,/content/drive/MyDrive/ASD_XAI_Project/slices/ASD/51460/slice_097.jpg,ASD,2.452075875680748e-07,132.0,5,IG_Diverse,0.50919956
51460,/content/drive/MyDrive/ASD_XAI_Project/slices/ASD/51460/slice_175.jpg,ASD,7.430264736818515e-11,176.0,5,IG_Diverse,0.5228506
51460,/content/drive/MyDrive/ASD_XAI_Project/slices/ASD/51460/slice_148.jpg,ASD,1.2916590321765398e-06,1.0,8,IG_Diverse,0.44972917
51460,/content/drive/MyDrive/ASD_XAI_Project/slices/ASD/51460/slice_024.jpg,ASD,9.14975714749744e-07,26.0,8,IG_Diverse,0.46361724
51460,/content/drive/MyDrive/ASD_XAI_Project/slices/ASD/51460/slice_129.jpg,ASD,7.642479999958596e-07,51.0,8,IG_Diverse,0.47877884
51460,/content/drive/MyDrive/ASD_XAI_Project/slices/ASD/51460/slice_119.jpg,ASD,4.900850854028249e-07,76.0,8,IG_Diverse,0.49600396
51460,/content/drive/MyDrive/ASD_XAI_Project/slices/ASD/51460/slice_082.jpg,ASD,3.27381627585055e-07,101.0,8,IG_Diverse,0.5051395
51460,/content/drive/MyDrive/ASD_XAI_Project/slices/ASD/51460/slice_113.jpg,ASD,2.580375451088912e-07,126.0,8,IG_Diverse,0.50812495
51460,/content/drive/MyDrive/ASD_XAI_Project/slices/ASD/51460/slice_010.jpg,ASD,1.1948511069448384e-09,151.0,8,IG_Diverse,0.52291095
51460,/content/drive/MyDrive/ASD_XAI_Project/slices/ASD/51460/slice_175.jpg,ASD,7.430264736818515e-11,176.0,8,IG_Diverse,0.5228506
51460,/content/drive/MyDrive/ASD_XAI_Project/slices/ASD/51460/slice_148.jpg,ASD,1.2916590321765398e-06,1.0,10,IG_Diverse,0.44972917
51460,/content/drive/MyDrive/ASD_XAI_Project/slices/ASD/51460/slice_151.jpg,ASD,9.466983215133952e-07,20.0,10,IG_Diverse,0.46950224
51460,/content/drive/MyDrive/ASD_XAI_Project/slices/ASD/51460/slice_043.jpg,ASD,8.68400206854858e-07,40.0,10,IG_Diverse,0.4748328
51460,/content/drive/MyDrive/ASD_XAI_Project/slices/ASD/51460/slice_051.jpg,ASD,6.988785230532812e-07,59.0,10,IG_Diverse,0.48322427
51460,/content/drive/MyDrive/ASD_XAI_Project/slices/ASD/51460/slice_118.jpg,ASD,4.574721117478475e-07,79.0,10,IG_Diverse,0.49757525
51460,/content/drive/MyDrive/ASD_XAI_Project/slices/ASD/51460/slice_073.jpg,ASD,3.297099624433031e-07,98.0,10,IG_Diverse,0.505195
51460,/content/drive/MyDrive/ASD_XAI_Project/slices/ASD/51460/slice_091.jpg,ASD,2.786356105843879e-07,118.0,10,IG_Diverse,0.5078113
51460,/content/drive/MyDrive/ASD_XAI_Project/slices/ASD/51460/slice_099.jpg,ASD,2.3017011585579894e-07,137.0,10,IG_Diverse,0.51052326
51460,/content/drive/MyDrive/ASD_XAI_Project/slices/ASD/51460/slice_164.jpg,ASD,1.945535815783828e-10,157.0,10,IG_Diverse,0.52285343
51460,/content/drive/MyDrive/ASD_XAI_Project/slices/ASD/51460/slice_175.jpg,ASD,7.430264736818515e-11,176.0,10,IG_Diverse,0.5228506
51460,/content/drive/MyDrive/ASD_XAI_Project/slices/ASD/51460/slice_148.jpg,ASD,1.2916590321765398e-06,1.0,15,IG_Diverse,0.44972917
51460,/content/drive/MyDrive/ASD_XAI_Project/slices/ASD/51460/slice_138.jpg,ASD,1.1041682910217787e-06,13.0,15,IG_Diverse,0.45419475
51460,/content/drive/MyDrive/ASD_XAI_Project/slices/ASD/51460/slice_024.jpg,ASD,9.14975714749744e-07,26.0,15,IG_Diverse,0.46361724
51460,/content/drive/MyDrive/ASD_XAI_Project/slices/ASD/51460/slice_033.jpg,ASD,8.687027275300352e-07,39.0,15,IG_Diverse,0.46882132
51460,/content/drive/MyDrive/ASD_XAI_Project/slices/ASD/51460/slice_129.jpg,ASD,7.642479999958596e-07,51.0,15,IG_Diverse,0.47877884
51460,/content/drive/MyDrive/ASD_XAI_Project/slices/ASD/51460/slice_124.jpg,ASD,6.511851893264975e-07,63.0,15,IG_Diverse,0.48785385
51460,/content/drive/MyDrive/ASD_XAI_Project/slices/ASD/51460/slice_119.jpg,ASD,4.900850854028249e-07,76.0,15,IG_Diverse,0.49600396
51460,/content/drive/MyDrive/ASD_XAI_Project/slices/ASD/51460/slice_067.jpg,ASD,3.723449140125013e-07,89.0,15,IG_Diverse,0.5029973
51460,/content/drive/MyDrive/ASD_XAI_Project/slices/ASD/51460/slice_082.jpg,ASD,3.27381627585055e-07,101.0,15,IG_Diverse,0.5051395
51460,/content/drive/MyDrive/ASD_XAI_Project/slices/ASD/51460/slice_085.jpg,ASD,3.047377958864672e-07,113.0,15,IG_Diverse,0.50685745
51460,/content/drive/MyDrive/ASD_XAI_Project/slices/ASD/51460/slice_113.jpg,ASD,2.580375451088912e-07,126.0,15,IG_Diverse,0.50812495
51460,/content/drive/MyDrive/ASD_XAI_Project/slices/ASD/51460/slice_100.jpg,ASD,2.212211853702684e-07,139.0,15,IG_Diverse,0.5107602
51460,/content/drive/MyDrive/ASD_XAI_Project/slices/ASD/51460/slice_010.jpg,ASD,1.1948511069448384e-09,151.0,15,IG_Diverse,0.52291095
51460,/content/drive/MyDrive/ASD_XAI_Project/slices/ASD/51460/slice_005.jpg,ASD,1.1791631560065238e-10,163.0,15,IG_Diverse,0.52285063
51460,/content/drive/MyDrive/ASD_XAI_Project/slices/ASD/51460/slice_175.jpg,ASD,7.430264736818515e-11,176.0,15,IG_Diverse,0.5228506
51460,/content/drive/MyDrive/ASD_XAI_Project/slices/ASD/51460/slice_148.jpg,ASD,1.2916590321765398e-06,1.0,20,IG_Diverse,0.44972917
51460,/content/drive/MyDrive/ASD_XAI_Project/slices/ASD/51460/slice_139.jpg,ASD,1.1287967254247633e-06,10.0,20,IG_Diverse,0.45112142
51460,/content/drive/MyDrive/ASD_XAI_Project/slices/ASD/51460/slice_030.jpg,ASD,9.531702289677924e-07,19.0,20,IG_Diverse,0.46744514
51460,/content/drive/MyDrive/ASD_XAI_Project/slices/ASD/51460/slice_025.jpg,ASD,8.979606036518817e-07,29.0,20,IG_Diverse,0.4661068
51460,/content/drive/MyDrive/ASD_XAI_Project/slices/ASD/51460/slice_040.jpg,ASD,8.72182624789275e-07,38.0,20,IG_Diverse,0.47019184
51460,/content/drive/MyDrive/ASD_XAI_Project/slices/ASD/51460/slice_152.jpg,ASD,7.873538834246574e-07,47.0,20,IG_Diverse,0.47886187
51460,/content/drive/MyDrive/ASD_XAI_Project/slices/ASD/51460/slice_049.jpg,ASD,7.122147849258909e-07,56.0,20,IG_Diverse,0.4809672
51460,/content/drive/MyDrive/ASD_XAI_Project/slices/ASD/51460/slice_120.jpg,ASD,5.905500302105793e-07,65.0,20,IG_Diverse,0.4933717
51460,/content/drive/MyDrive/ASD_XAI_Project/slices/ASD/51460/slice_058.jpg,ASD,5.233084152678202e-07,75.0,20,IG_Diverse,0.49429357
51460,/content/drive/MyDrive/ASD_XAI_Project/slices/ASD/51460/slice_117.jpg,ASD,4.249280607382389e-07,84.0,20,IG_Diverse,0.49932852
51460,/content/drive/MyDrive/ASD_XAI_Project/slices/ASD/51460/slice_070.jpg,ASD,3.565193935628486e-07,93.0,20,IG_Diverse,0.5041237
51460,/content/drive/MyDrive/ASD_XAI_Project/slices/ASD/51460/slice_083.jpg,ASD,3.25259662758981e-07,102.0,20,IG_Diverse,0.50471425
51460,/content/drive/MyDrive/ASD_XAI_Project/slices/ASD/51460/slice_076.jpg,ASD,3.047861980576272e-07,112.0,20,IG_Diverse,0.5049531
51460,/content/drive/MyDrive/ASD_XAI_Project/slices/ASD/51460/slice_088.jpg,ASD,2.719585836530314e-07,121.0,20,IG_Diverse,0.50787115
51460,/content/drive/MyDrive/ASD_XAI_Project/slices/ASD/51460/slice_095.jpg,ASD,2.490836266133556e-07,130.0,20,IG_Diverse,0.50868094
51460,/content/drive/MyDrive/ASD_XAI_Project/slices/ASD/51460/slice_100.jpg,ASD,2.212211853702684e-07,139.0,20,IG_Diverse,0.5107602
51460,/content/drive/MyDrive/ASD_XAI_Project/slices/ASD/51460/slice_012.jpg,ASD,2.521948649913952e-09,148.0,20,IG_Diverse,0.5229844
51460,/content/drive/MyDrive/ASD_XAI_Project/slices/ASD/51460/slice_165.jpg,ASD,1.9422026487081467e-10,158.0,20,IG_Diverse,0.52285427
51460,/content/drive/MyDrive/ASD_XAI_Project/slices/ASD/51460/slice_003.jpg,ASD,1.0092740532208211e-10,167.0,20,IG_Diverse,0.5228509
51460,/content/drive/MyDrive/ASD_XAI_Project/slices/ASD/51460/slice_175.jpg,ASD,7.430264736818515e-11,176.0,20,IG_Diverse,0.5228506
51463,/content/drive/MyDrive/ASD_XAI_Project/slices/ASD/51463/slice_031.jpg,ASD,7.292763370969624e-07,1.0,5,IG_Diverse,0.47572336
51463,/content/drive/MyDrive/ASD_XAI_Project/slices/ASD/51463/slice_023.jpg,ASD,3.992278720943432e-07,45.0,5,IG_Diverse,0.49792647
51463,/content/drive/MyDrive/ASD_XAI_Project/slices/ASD/51463/slice_118.jpg,ASD,1.387223562687723e-07,89.0,5,IG_Diverse,0.5160983
51463,/content/drive/MyDrive/ASD_XAI_Project/slices/ASD/51463/slice_098.jpg,ASD,1.072070929808433e-07,132.0,5,IG_Diverse,0.5181099
51463,/content/drive/MyDrive/ASD_XAI_Project/slices/ASD/51463/slice_000.jpg,ASD,8.324228112366328e-11,176.0,5,IG_Diverse,0.52285075
51463,/content/drive/MyDrive/ASD_XAI_Project/slices/ASD/51463/slice_031.jpg,ASD,7.292763370969624e-07,1.0,8,IG_Diverse,0.47572336
51463,/content/drive/MyDrive/ASD_XAI_Project/slices/ASD/51463/slice_041.jpg,ASD,5.427733640317456e-07,26.0,8,IG_Diverse,0.48742616
51463,/content/drive/MyDrive/ASD_XAI_Project/slices/ASD/51463/slice_049.jpg,ASD,3.76440453919713e-07,51.0,8,IG_Diverse,0.4995969
51463,/content/drive/MyDrive/ASD_XAI_Project/slices/ASD/51463/slice_061.jpg,ASD,1.826903854862394e-07,76.0,8,IG_Diverse,0.51244545
51463,/content/drive/MyDrive/ASD_XAI_Project/slices/ASD/51463/slice_065.jpg,ASD,1.2849214670040965e-07,101.0,8,IG_Diverse,0.51647586
51463,/content/drive/MyDrive/ASD_XAI_Project/slices/ASD/51463/slice_101.jpg,ASD,1.1106948250017012e-07,126.0,8,IG_Diverse,0.51766974
51463,/content/drive/MyDrive/ASD_XAI_Project/slices/ASD/51463/slice_014.jpg,ASD,1.1078958861432395e-09,151.0,8,IG_Diverse,0.522881
51463,/content/drive/MyDrive/ASD_XAI_Project/slices/ASD/51463/slice_000.jpg,ASD,8.324228112366328e-11,176.0,8,IG_Diverse,0.52285075
51463,/content/drive/MyDrive/ASD_XAI_Project/slices/ASD/51463/slice_031.jpg,ASD,7.292763370969624e-07,1.0,10,IG_Diverse,0.47572336
51463,/content/drive/MyDrive/ASD_XAI_Project/slices/ASD/51463/slice_149.jpg,ASD,5.787056807093904e-07,20.0,10,IG_Diverse,0.48507816
51463,/content/drive/MyDrive/ASD_XAI_Project/slices/ASD/51463/slice_025.jpg,ASD,4.61464679801793e-07,40.0,10,IG_Diverse,0.4934567
51463,/content/drive/MyDrive/ASD_XAI_Project/slices/ASD/51463/slice_128.jpg,ASD,3.174568234953768e-07,59.0,10,IG_Diverse,0.5049882
51463,/content/drive/MyDrive/ASD_XAI_Project/slices/ASD/51463/slice_062.jpg,ASD,1.6145695269642601e-07,79.0,10,IG_Diverse,0.51442
51463,/content/drive/MyDrive/ASD_XAI_Project/slices/ASD/51463/slice_086.jpg,ASD,1.3098407691813918e-07,98.0,10,IG_Diverse,0.5160325
51463,/content/drive/MyDrive/ASD_XAI_Project/slices/ASD/51463/slice_104.jpg,ASD,1.1527762211471781e-07,118.0,10,IG_Diverse,0.5171835
51463,/content/drive/MyDrive/ASD_XAI_Project/slices/ASD/51463/slice_095.jpg,ASD,1.0251323345755736e-07,137.0,10,IG_Diverse,0.5185265
51463,/content/drive/MyDrive/ASD_XAI_Project/slices/ASD/51463/slice_167.jpg,ASD,7.585794770115227e-10,157.0,10,IG_Diverse,0.5228939
51463,/content/drive/MyDrive/ASD_XAI_Project/slices/ASD/51463/slice_000.jpg,ASD,8.324228112366328e-11,176.0,10,IG_Diverse,0.52285075
51463,/content/drive/MyDrive/ASD_XAI_Project/slices/ASD/51463/slice_031.jpg,ASD,7.292763370969624e-07,1.0,15,IG_Diverse,0.47572336
51463,/content/drive/MyDrive/ASD_XAI_Project/slices/ASD/51463/slice_144.jpg,ASD,6.313168796623359e-07,13.0,15,IG_Diverse,0.48168173
51463,/content/drive/MyDrive/ASD_XAI_Project/slices/ASD/51463/slice_041.jpg,ASD,5.427733640317456e-07,26.0,15,IG_Diverse,0.48742616
51463,/content/drive/MyDrive/ASD_XAI_Project/slices/ASD/51463/slice_152.jpg,ASD,4.637465735868318e-07,39.0,15,IG_Diverse,0.49258533
51463,/content/drive/MyDrive/ASD_XAI_Project/slices/ASD/51463/slice_049.jpg,ASD,3.76440453919713e-07,51.0,15,IG_Diverse,0.4995969
51463,/content/drive/MyDrive/ASD_XAI_Project/slices/ASD/51463/slice_021.jpg,ASD,2.887387609007419e-07,63.0,15,IG_Diverse,0.50549304
51463,/content/drive/MyDrive/ASD_XAI_Project/slices/ASD/51463/slice_061.jpg,ASD,1.826903854862394e-07,76.0,15,IG_Diverse,0.51244545
51463,/content/drive/MyDrive/ASD_XAI_Project/slices/ASD/51463/slice_118.jpg,ASD,1.387223562687723e-07,89.0,15,IG_Diverse,0.5160983
51463,/content/drive/MyDrive/ASD_XAI_Project/slices/ASD/51463/slice_065.jpg,ASD,1.2849214670040965e-07,101.0,15,IG_Diverse,0.51647586
51463,/content/drive/MyDrive/ASD_XAI_Project/slices/ASD/51463/slice_089.jpg,ASD,1.168670351603396e-07,113.0,15,IG_Diverse,0.5172167
51463,/content/drive/MyDrive/ASD_XAI_Project/slices/ASD/51463/slice_101.jpg,ASD,1.1106948250017012e-07,126.0,15,IG_Diverse,0.51766974
51463,/content/drive/MyDrive/ASD_XAI_Project/slices/ASD/51463/slice_158.jpg,ASD,9.93242394997651e-08,139.0,15,IG_Diverse,0.51606745
51463,/content/drive/MyDrive/ASD_XAI_Project/slices/ASD/51463/slice_014.jpg,ASD,1.1078958861432395e-09,151.0,15,IG_Diverse,0.522881
51463,/content/drive/MyDrive/ASD_XAI_Project/slices/ASD/51463/slice_170.jpg,ASD,1.53816376302629e-10,163.0,15,IG_Diverse,0.5228528
51463,/content/drive/MyDrive/ASD_XAI_Project/slices/ASD/51463/slice_000.jpg,ASD,8.324228112366328e-11,176.0,15,IG_Diverse,0.52285075
51463,/content/drive/MyDrive/ASD_XAI_Project/slices/ASD/51463/slice_031.jpg,ASD,7.292763370969624e-07,1.0,20,IG_Diverse,0.47572336
51463,/content/drive/MyDrive/ASD_XAI_Project/slices/ASD/51463/slice_038.jpg,ASD,6.380936383720837e-07,10.0,20,IG_Diverse,0.47984555
51463,/content/drive/MyDrive/ASD_XAI_Project/slices/ASD/51463/slice_040.jpg,ASD,5.817673809360713e-07,19.0,20,IG_Diverse,0.48457286
51463,/content/drive/MyDrive/ASD_XAI_Project/slices/ASD/51463/slice_137.jpg,ASD,5.222676691118977e-07,29.0,20,IG_Diverse,0.4928051
51463,/content/drive/MyDrive/ASD_XAI_Project/slices/ASD/51463/slice_136.jpg,ASD,4.69932871283163e-07,38.0,20,IG_Diverse,0.49363634
51463,/content/drive/MyDrive/ASD_XAI_Project/slices/ASD/51463/slice_048.jpg,ASD,3.910171813004127e-07,47.0,20,IG_Diverse,0.49941233
51463,/content/drive/MyDrive/ASD_XAI_Project/slices/ASD/51463/slice_054.jpg,ASD,3.185553509865713e-07,56.0,20,IG_Diverse,0.5051216
51463,/content/drive/MyDrive/ASD_XAI_Project/slices/ASD/51463/slice_056.jpg,ASD,2.577885709342809e-07,65.0,20,IG_Diverse,0.50773054
51463,/content/drive/MyDrive/ASD_XAI_Project/slices/ASD/51463/slice_122.jpg,ASD,1.924601917835389e-07,75.0,20,IG_Diverse,0.51378167
51463,/content/drive/MyDrive/ASD_XAI_Project/slices/ASD/51463/slice_079.jpg,ASD,1.440304373545587e-07,84.0,20,IG_Diverse,0.51550114
51463,/content/drive/MyDrive/ASD_XAI_Project/slices/ASD/51463/slice_078.jpg,ASD,1.368767073017807e-07,93.0,20,IG_Diverse,0.5157025
51463,/content/drive/MyDrive/ASD_XAI_Project/slices/ASD/51463/slice_082.jpg,ASD,1.2784525438291894e-07,102.0,20,IG_Diverse,0.5163509
51463,/content/drive/MyDrive/ASD_XAI_Project/slices/ASD/51463/slice_067.jpg,ASD,1.1696984358877673e-07,112.0,20,IG_Diverse,0.5168714
51463,/content/drive/MyDrive/ASD_XAI_Project/slices/ASD/51463/slice_099.jpg,ASD,1.143784515988955e-07,121.0,20,IG_Diverse,0.51792157
51463,/content/drive/MyDrive/ASD_XAI_Project/slices/ASD/51463/slice_091.jpg,ASD,1.0845589315522377e-07,130.0,20,IG_Diverse,0.5177706
51463,/content/drive/MyDrive/ASD_XAI_Project/slices/ASD/51463/slice_158.jpg,ASD,9.93242394997651e-08,139.0,20,IG_Diverse,0.51606745
51463,/content/drive/MyDrive/ASD_XAI_Project/slices/ASD/51463/slice_016.jpg,ASD,2.332977366847899e-09,148.0,20,IG_Diverse,0.5229715
51463,/content/drive/MyDrive/ASD_XAI_Project/slices/ASD/51463/slice_010.jpg,ASD,7.21836368455797e-10,158.0,20,IG_Diverse,0.52289575
51463,/content/drive/MyDrive/ASD_XAI_Project/slices/ASD/51463/slice_173.jpg,ASD,1.1125562277003451e-10,167.0,20,IG_Diverse,0.5228509
51463,/content/drive/MyDrive/ASD_XAI_Project/slices/ASD/51463/slice_000.jpg,ASD,8.324228112366328e-11,176.0,20,IG_Diverse,0.52285075
51466,/content/drive/MyDrive/ASD_XAI_Project/slices/ASD/51466/slice_029.jpg,ASD,8.557855721846863e-07,1.0,5,IG_Diverse,0.47281402
51466,/content/drive/MyDrive/ASD_XAI_Project/slices/ASD/51466/slice_048.jpg,ASD,5.454571692098398e-07,45.0,5,IG_Diverse,0.4913455
51466,/content/drive/MyDrive/ASD_XAI_Project/slices/ASD/51466/slice_072.jpg,ASD,1.5935208352857447e-07,89.0,5,IG_Diverse,0.514587
51466,/content/drive/MyDrive/ASD_XAI_Project/slices/ASD/51466/slice_095.jpg,ASD,1.1887149042877355e-07,132.0,5,IG_Diverse,0.5160153
51466,/content/drive/MyDrive/ASD_XAI_Project/slices/ASD/51466/slice_000.jpg,ASD,5.2250655191432565e-11,176.0,5,IG_Diverse,0.5228553
51466,/content/drive/MyDrive/ASD_XAI_Project/slices/ASD/51466/slice_029.jpg,ASD,8.557855721846863e-07,1.0,8,IG_Diverse,0.47281402
51466,/content/drive/MyDrive/ASD_XAI_Project/slices/ASD/51466/slice_039.jpg,ASD,6.777111138944747e-07,26.0,8,IG_Diverse,0.4831184
51466,/content/drive/MyDrive/ASD_XAI_Project/slices/ASD/51466/slice_050.jpg,ASD,4.811522558156867e-07,51.0,8,IG_Diverse,0.49590564
51466,/content/drive/MyDrive/ASD_XAI_Project/slices/ASD/51466/slice_125.jpg,ASD,2.5948875759240764e-07,76.0,8,IG_Diverse,0.50775963
51466,/content/drive/MyDrive/ASD_XAI_Project/slices/ASD/51466/slice_114.jpg,ASD,1.3550221922287164e-07,101.0,8,IG_Diverse,0.51527137
51466,/content/drive/MyDrive/ASD_XAI_Project/slices/ASD/51466/slice_090.jpg,ASD,1.208518511930379e-07,126.0,8,IG_Diverse,0.5164381
51466,/content/drive/MyDrive/ASD_XAI_Project/slices/ASD/51466/slice_014.jpg,ASD,3.4026261808151052e-09,151.0,8,IG_Diverse,0.5230486
51466,/content/drive/MyDrive/ASD_XAI_Project/slices/ASD/51466/slice_000.jpg,ASD,5.2250655191432565e-11,176.0,8,IG_Diverse,0.5228553
51466,/content/drive/MyDrive/ASD_XAI_Project/slices/ASD/51466/slice_029.jpg,ASD,8.557855721846863e-07,1.0,10,IG_Diverse,0.47281402
51466,/content/drive/MyDrive/ASD_XAI_Project/slices/ASD/51466/slice_035.jpg,ASD,7.259726544361911e-07,20.0,10,IG_Diverse,0.47978392
51466,/content/drive/MyDrive/ASD_XAI_Project/slices/ASD/51466/slice_139.jpg,ASD,5.744504392168892e-07,40.0,10,IG_Diverse,0.48323706
51466,/content/drive/MyDrive/ASD_XAI_Project/slices/ASD/51466/slice_051.jpg,ASD,3.865434337058105e-07,59.0,10,IG_Diverse,0.49848673
51466,/content/drive/MyDrive/ASD_XAI_Project/slices/ASD/51466/slice_063.jpg,ASD,2.422241891508748e-07,79.0,10,IG_Diverse,0.5099149
51466,/content/drive/MyDrive/ASD_XAI_Project/slices/ASD/51466/slice_075.jpg,ASD,1.4715431007061852e-07,98.0,10,IG_Diverse,0.5163245
51466,/content/drive/MyDrive/ASD_XAI_Project/slices/ASD/51466/slice_088.jpg,ASD,1.2376042946016241e-07,118.0,10,IG_Diverse,0.51653844
51466,/content/drive/MyDrive/ASD_XAI_Project/slices/ASD/51466/slice_109.jpg,ASD,1.148554957808301e-07,137.0,10,IG_Diverse,0.5154161
51466,/content/drive/MyDrive/ASD_XAI_Project/slices/ASD/51466/slice_010.jpg,ASD,1.429868223823405e-09,157.0,10,IG_Diverse,0.5229373
51466,/content/drive/MyDrive/ASD_XAI_Project/slices/ASD/51466/slice_000.jpg,ASD,5.2250655191432565e-11,176.0,10,IG_Diverse,0.5228553
51466,/content/drive/MyDrive/ASD_XAI_Project/slices/ASD/51466/slice_029.jpg,ASD,8.557855721846863e-07,1.0,15,IG_Diverse,0.47281402
51466,/content/drive/MyDrive/ASD_XAI_Project/slices/ASD/51466/slice_031.jpg,ASD,7.718435881542973e-07,13.0,15,IG_Diverse,0.47807363
51466,/content/drive/MyDrive/ASD_XAI_Project/slices/ASD/51466/slice_039.jpg,ASD,6.777111138944747e-07,26.0,15,IG_Diverse,0.4831184
51466,/content/drive/MyDrive/ASD_XAI_Project/slices/ASD/51466/slice_138.jpg,ASD,5.949609658273403e-07,39.0,15,IG_Diverse,0.4825687
51466,/content/drive/MyDrive/ASD_XAI_Project/slices/ASD/51466/slice_050.jpg,ASD,4.811522558156867e-07,51.0,15,IG_Diverse,0.49590564
51466,/content/drive/MyDrive/ASD_XAI_Project/slices/ASD/51466/slice_056.jpg,ASD,3.58202782990702e-07,63.0,15,IG_Diverse,0.50229895
51466,/content/drive/MyDrive/ASD_XAI_Project/slices/ASD/51466/slice_125.jpg,ASD,2.5948875759240764e-07,76.0,15,IG_Diverse,0.50775963
51466,/content/drive/MyDrive/ASD_XAI_Project/slices/ASD/51466/slice_072.jpg,ASD,1.5935208352857447e-07,89.0,15,IG_Diverse,0.514587
51466,/content/drive/MyDrive/ASD_XAI_Project/slices/ASD/51466/slice_114.jpg,ASD,1.3550221922287164e-07,101.0,15,IG_Diverse,0.51527137
51466,/content/drive/MyDrive/ASD_XAI_Project/slices/ASD/51466/slice_086.jpg,ASD,1.2485634215408936e-07,113.0,15,IG_Diverse,0.5166511
51466,/content/drive/MyDrive/ASD_XAI_Project/slices/ASD/51466/slice_090.jpg,ASD,1.208518511930379e-07,126.0,15,IG_Diverse,0.5164381
51466,/content/drive/MyDrive/ASD_XAI_Project/slices/ASD/51466/slice_080.jpg,ASD,1.148184622934423e-07,139.0,15,IG_Diverse,0.51798284
51466,/content/drive/MyDrive/ASD_XAI_Project/slices/ASD/51466/slice_014.jpg,ASD,3.4026261808151052e-09,151.0,15,IG_Diverse,0.5230486
51466,/content/drive/MyDrive/ASD_XAI_Project/slices/ASD/51466/slice_007.jpg,ASD,2.887579619859082e-10,163.0,15,IG_Diverse,0.5228681
51466,/content/drive/MyDrive/ASD_XAI_Project/slices/ASD/51466/slice_000.jpg,ASD,5.2250655191432565e-11,176.0,15,IG_Diverse,0.5228553
51466,/content/drive/MyDrive/ASD_XAI_Project/slices/ASD/51466/slice_029.jpg,ASD,8.557855721846863e-07,1.0,20,IG_Diverse,0.47281402
51466,/content/drive/MyDrive/ASD_XAI_Project/slices/ASD/51466/slice_146.jpg,ASD,7.785772027091298e-07,10.0,20,IG_Diverse,0.472553
51466,/content/drive/MyDrive/ASD_XAI_Project/slices/ASD/51466/slice_145.jpg,ASD,7.465864086952934e-07,19.0,20,IG_Diverse,0.4738968
51466,/content/drive/MyDrive/ASD_XAI_Project/slices/ASD/51466/slice_042.jpg,ASD,6.672093491033593e-07,29.0,20,IG_Diverse,0.4842879
51466,/content/drive/MyDrive/ASD_XAI_Project/slices/ASD/51466/slice_157.jpg,ASD,5.986784685774182e-07,38.0,20,IG_Diverse,0.4886018
51466,/content/drive/MyDrive/ASD_XAI_Project/slices/ASD/51466/slice_047.jpg,ASD,5.395133939600782e-07,47.0,20,IG_Diverse,0.48954162
51466,/content/drive/MyDrive/ASD_XAI_Project/slices/ASD/51466/slice_055.jpg,ASD,4.0486608554601844e-07,56.0,20,IG_Diverse,0.50032187
51466,/content/drive/MyDrive/ASD_XAI_Project/slices/ASD/51466/slice_060.jpg,ASD,3.1944233569447533e-07,65.0,20,IG_Diverse,0.50330704
51466,/content/drive/MyDrive/ASD_XAI_Project/slices/ASD/51466/slice_128.jpg,ASD,2.643543552949268e-07,75.0,20,IG_Diverse,0.5059375
51466,/content/drive/MyDrive/ASD_XAI_Project/slices/ASD/51466/slice_122.jpg,ASD,1.852536115620751e-07,84.0,20,IG_Diverse,0.51269877
51466,/content/drive/MyDrive/ASD_XAI_Project/slices/ASD/51466/slice_121.jpg,ASD,1.5419665544413874e-07,93.0,20,IG_Diverse,0.5134961
51466,/content/drive/MyDrive/ASD_XAI_Project/slices/ASD/51466/slice_115.jpg,ASD,1.353230487666224e-07,102.0,20,IG_Diverse,0.5150859
51466,/content/drive/MyDrive/ASD_XAI_Project/slices/ASD/51466/slice_113.jpg,ASD,1.2641869773233338e-07,112.0,20,IG_Diverse,0.5154671
51466,/content/drive/MyDrive/ASD_XAI_Project/slices/ASD/51466/slice_108.jpg,ASD,1.23235523119547e-07,121.0,20,IG_Diverse,0.515038
51466,/content/drive/MyDrive/ASD_XAI_Project/slices/ASD/51466/slice_098.jpg,ASD,1.2003958715922636e-07,130.0,20,IG_Diverse,0.51597065
51466,/content/drive/MyDrive/ASD_XAI_Project/slices/ASD/51466/slice_080.jpg,ASD,1.148184622934423e-07,139.0,20,IG_Diverse,0.51798284
51466,/content/drive/MyDrive/ASD_XAI_Project/slices/ASD/51466/slice_017.jpg,ASD,1.2174768748707264e-08,148.0,20,IG_Diverse,0.52255446
51466,/content/drive/MyDrive/ASD_XAI_Project/slices/ASD/51466/slice_167.jpg,ASD,1.1775033170735583e-09,158.0,20,IG_Diverse,0.5229228
51466,/content/drive/MyDrive/ASD_XAI_Project/slices/ASD/51466/slice_171.jpg,ASD,1.6080251019623404e-10,167.0,20,IG_Diverse,0.5228585
51466,/content/drive/MyDrive/ASD_XAI_Project/slices/ASD/51466/slice_000.jpg,ASD,5.2250655191432565e-11,176.0,20,IG_Diverse,0.5228553
51475,/content/drive/MyDrive/ASD_XAI_Project/slices/Control/51475/slice_148.jpg,Control,1.1328639857310918e-06,1.0,5,IG_Diverse,0.44953185
51475,/content/drive/MyDrive/ASD_XAI_Project/slices/Control/51475/slice_137.jpg,Control,7.332764653256163e-07,45.0,5,IG_Diverse,0.47431883
51475,/content/drive/MyDrive/ASD_XAI_Project/slices/Control/51475/slice_019.jpg,Control,5.28369980656862e-07,89.0,5,IG_Diverse,0.48894364
51475,/content/drive/MyDrive/ASD_XAI_Project/slices/Control/51475/slice_079.jpg,Control,3.836131270418264e-07,132.0,5,IG_Diverse,0.50267273
51475,/content/drive/MyDrive/ASD_XAI_Project/slices/Control/51475/slice_000.jpg,Control,5.7131382957820165e-11,176.0,5,IG_Diverse,0.52285504
51475,/content/drive/MyDrive/ASD_XAI_Project/slices/Control/51475/slice_148.jpg,Control,1.1328639857310918e-06,1.0,8,IG_Diverse,0.44953185
51475,/content/drive/MyDrive/ASD_XAI_Project/slices/Control/51475/slice_141.jpg,Control,8.889702485248563e-07,26.0,8,IG_Diverse,0.46570915
51475,/content/drive/MyDrive/ASD_XAI_Project/slices/Control/51475/slice_050.jpg,Control,7.143480615923181e-07,51.0,8,IG_Diverse,0.48063287
51475,/content/drive/MyDrive/ASD_XAI_Project/slices/Control/51475/slice_058.jpg,Control,5.94256619024236e-07,76.0,8,IG_Diverse,0.49098894
51475,/content/drive/MyDrive/ASD_XAI_Project/slices/Control/51475/slice_120.jpg,Control,4.796853545485646e-07,101.0,8,IG_Diverse,0.4934893
51475,/content/drive/MyDrive/ASD_XAI_Project/slices/Control/51475/slice_076.jpg,Control,3.976043387865502e-07,126.0,8,IG_Diverse,0.50121623
51475,/content/drive/MyDrive/ASD_XAI_Project/slices/Control/51475/slice_163.jpg,Control,5.8659788138015764e-09,151.0,8,IG_Diverse,0.5228548
51475,/content/drive/MyDrive/ASD_XAI_Project/slices/Control/51475/slice_000.jpg,Control,5.7131382957820165e-11,176.0,8,IG_Diverse,0.52285504
51475,/content/drive/MyDrive/ASD_XAI_Project/slices/Control/51475/slice_148.jpg,Control,1.1328639857310918e-06,1.0,10,IG_Diverse,0.44953185
51475,/content/drive/MyDrive/ASD_XAI_Project/slices/Control/51475/slice_026.jpg,Control,9.230666933035536e-07,20.0,10,IG_Diverse,0.46075797
51475,/content/drive/MyDrive/ASD_XAI_Project/slices/Control/51475/slice_157.jpg,Control,7.791973644089012e-07,40.0,10,IG_Diverse,0.47090667
51475,/content/drive/MyDrive/ASD_XAI_Project/slices/Control/51475/slice_095.jpg,Control,6.898037554492475e-07,59.0,10,IG_Diverse,0.49611968
51475,/content/drive/MyDrive/ASD_XAI_Project/slices/Control/51475/slice_128.jpg,Control,5.785468033536745e-07,79.0,10,IG_Diverse,0.48575264
51475,/content/drive/MyDrive/ASD_XAI_Project/slices/Control/51475/slice_121.jpg,Control,4.908968094241573e-07,98.0,10,IG_Diverse,0.49332592
51475,/content/drive/MyDrive/ASD_XAI_Project/slices/Control/51475/slice_070.jpg,Control,4.220316327518958e-07,118.0,10,IG_Diverse,0.4998412
51475,/content/drive/MyDrive/ASD_XAI_Project/slices/Control/51475/slice_110.jpg,Control,3.772034915527911e-07,137.0,10,IG_Diverse,0.50046724
51475,/content/drive/MyDrive/ASD_XAI_Project/slices/Control/51475/slice_166.jpg,Control,1.909672864286449e-09,157.0,10,IG_Diverse,0.52296555
51475,/content/drive/MyDrive/ASD_XAI_Project/slices/Control/51475/slice_000.jpg,Control,5.7131382957820165e-11,176.0,10,IG_Diverse,0.52285504
51475,/content/drive/MyDrive/ASD_XAI_Project/slices/Control/51475/slice_148.jpg,Control,1.1328639857310918e-06,1.0,15,IG_Diverse,0.44953185
51475,/content/drive/MyDrive/ASD_XAI_Project/slices/Control/51475/slice_144.jpg,Control,9.704157264422977e-07,13.0,15,IG_Diverse,0.45983577
51475,/content/drive/MyDrive/ASD_XAI_Project/slices/Control/51475/slice_141.jpg,Control,8.889702485248563e-07,26.0,15,IG_Diverse,0.46570915
51475,/content/drive/MyDrive/ASD_XAI_Project/slices/Control/51475/slice_046.jpg,Control,8.025453439586272e-07,39.0,15,IG_Diverse,0.4749128
51475,/content/drive/MyDrive/ASD_XAI_Project/slices/Control/51475/slice_050.jpg,Control,7.143480615923181e-07,51.0,15,IG_Diverse,0.48063287
51475,/content/drive/MyDrive/ASD_XAI_Project/slices/Control/51475/slice_158.jpg,Control,6.595587933588831e-07,63.0,15,IG_Diverse,0.4775865
51475,/content/drive/MyDrive/ASD_XAI_Project/slices/Control/51475/slice_058.jpg,Control,5.94256619024236e-07,76.0,15,IG_Diverse,0.49098894
51475,/content/drive/MyDrive/ASD_XAI_Project/slices/Control/51475/slice_019.jpg,Control,5.28369980656862e-07,89.0,15,IG_Diverse,0.48894364
51475,/content/drive/MyDrive/ASD_XAI_Project/slices/Control/51475/slice_120.jpg,Control,4.796853545485646e-07,101.0,15,IG_Diverse,0.4934893
51475,/content/drive/MyDrive/ASD_XAI_Project/slices/Control/51475/slice_100.jpg,Control,4.3202373944950523e-07,113.0,15,IG_Diverse,0.50260425
51475,/content/drive/MyDrive/ASD_XAI_Project/slices/Control/51475/slice_076.jpg,Control,3.976043387865502e-07,126.0,15,IG_Diverse,0.50121623
51475,/content/drive/MyDrive/ASD_XAI_Project/slices/Control/51475/slice_101.jpg,Control,3.717205174780247e-07,139.0,15,IG_Diverse,0.5029178
51475,/content/drive/MyDrive/ASD_XAI_Project/slices/Control/51475/slice_163.jpg,Control,5.8659788138015764e-09,151.0,15,IG_Diverse,0.5228548
51475,/content/drive/MyDrive/ASD_XAI_Project/slices/Control/51475/slice_006.jpg,Control,4.411351006705644e-10,163.0,15,IG_Diverse,0.52287215
51475,/content/drive/MyDrive/ASD_XAI_Project/slices/Control/51475/slice_000.jpg,Control,5.7131382957820165e-11,176.0,15,IG_Diverse,0.52285504
51475,/content/drive/MyDrive/ASD_XAI_Project/slices/Control/51475/slice_148.jpg,Control,1.1328639857310918e-06,1.0,20,IG_Diverse,0.44953185
51475,/content/drive/MyDrive/ASD_XAI_Project/slices/Control/51475/slice_030.jpg,Control,9.951900210580789e-07,10.0,20,IG_Diverse,0.455313
51475,/content/drive/MyDrive/ASD_XAI_Project/slices/Control/51475/slice_154.jpg,Control,9.23817538023286e-07,19.0,20,IG_Diverse,0.46040532
51475,/content/drive/MyDrive/ASD_XAI_Project/slices/Control/51475/slice_024.jpg,Control,8.570634690840961e-07,29.0,20,IG_Diverse,0.46663857
51475,/content/drive/MyDrive/ASD_XAI_Project/slices/Control/51475/slice_156.jpg,Control,8.163349889400706e-07,38.0,20,IG_Diverse,0.46976542
51475,/content/drive/MyDrive/ASD_XAI_Project/slices/Control/51475/slice_049.jpg,Control,7.262829058163334e-07,47.0,20,IG_Diverse,0.48057097
51475,/content/drive/MyDrive/ASD_XAI_Project/slices/Control/51475/slice_133.jpg,Control,7.013824756540998e-07,56.0,20,IG_Diverse,0.477217
51475,/content/drive/MyDrive/ASD_XAI_Project/slices/Control/51475/slice_131.jpg,Control,6.462511237259605e-07,65.0,20,IG_Diverse,0.48290673
51475,/content/drive/MyDrive/ASD_XAI_Project/slices/Control/51475/slice_057.jpg,Control,5.971318159936345e-07,75.0,20,IG_Diverse,0.48858643
51475,/content/drive/MyDrive/ASD_XAI_Project/slices/Control/51475/slice_099.jpg,Control,5.608430910797324e-07,84.0,20,IG_Diverse,0.5001672
51475,/content/drive/MyDrive/ASD_XAI_Project/slices/Control/51475/slice_159.jpg,Control,5.072997169008886e-07,93.0,20,IG_Diverse,0.4907995
51475,/content/drive/MyDrive/ASD_XAI_Project/slices/Control/51475/slice_018.jpg,Control,4.755328291139449e-07,102.0,20,IG_Diverse,0.49389002
51475,/content/drive/MyDrive/ASD_XAI_Project/slices/Control/51475/slice_067.jpg,Control,4.346145772160526e-07,112.0,20,IG_Diverse,0.49833447
51475,/content/drive/MyDrive/ASD_XAI_Project/slices/Control/51475/slice_071.jpg,Control,4.050678512612649e-07,121.0,20,IG_Diverse,0.500326
51475,/content/drive/MyDrive/ASD_XAI_Project/slices/Control/51475/slice_116.jpg,Control,3.936991106456844e-07,130.0,20,IG_Diverse,0.49721283
51475,/content/drive/MyDrive/ASD_XAI_Project/slices/Control/51475/slice_101.jpg,Control,3.717205174780247e-07,139.0,20,IG_Diverse,0.5029178
51475,/content/drive/MyDrive/ASD_XAI_Project/slices/Control/51475/slice_014.jpg,Control,8.980192944818556e-08,148.0,20,IG_Diverse,0.51767576
51475,/content/drive/MyDrive/ASD_XAI_Project/slices/Control/51475/slice_009.jpg,Control,1.5475229986350312e-09,158.0,20,IG_Diverse,0.5229412
51475,/content/drive/MyDrive/ASD_XAI_Project/slices/Control/51475/slice_171.jpg,Control,2.209518124018928e-10,167.0,20,IG_Diverse,0.52285975
51475,/content/drive/MyDrive/ASD_XAI_Project/slices/Control/51475/slice_000.jpg,Control,5.7131382957820165e-11,176.0,20,IG_Diverse,0.52285504
51476,/content/drive/MyDrive/ASD_XAI_Project/slices/Control/51476/slice_143.jpg,Control,1.2588581057570991e-06,1.0,5,IG_Diverse,0.43595648
51476,/content/drive/MyDrive/ASD_XAI_Project/slices/Control/51476/slice_042.jpg,Control,8.384746479350724e-07,44.0,5,IG_Diverse,0.46904695
51476,/content/drive/MyDrive/ASD_XAI_Project/slices/Control/51476/slice_078.jpg,Control,6.295410912571242e-07,87.0,5,IG_Diverse,0.48805693
51476,/content/drive/MyDrive/ASD_XAI_Project/slices/Control/51476/slice_116.jpg,Control,4.933548893859552e-07,131.0,5,IG_Diverse,0.4929408
51476,/content/drive/MyDrive/ASD_XAI_Project/slices/Control/51476/slice_175.jpg,Control,4.964497909987209e-11,174.0,5,IG_Diverse,0.5228554
51476,/content/drive/MyDrive/ASD_XAI_Project/slices/Control/51476/slice_143.jpg,Control,1.2588581057570991e-06,1.0,8,IG_Diverse,0.43595648
51476,/content/drive/MyDrive/ASD_XAI_Project/slices/Control/51476/slice_029.jpg,Control,9.555420774631784e-07,26.0,8,IG_Diverse,0.45480794
51476,/content/drive/MyDrive/ASD_XAI_Project/slices/Control/51476/slice_153.jpg,Control,7.642016157660692e-07,50.0,8,IG_Diverse,0.46958932
51476,/content/drive/MyDrive/ASD_XAI_Project/slices/Control/51476/slice_080.jpg,Control,6.407281603060255e-07,75.0,8,IG_Diverse,0.4873409
51476,/content/drive/MyDrive/ASD_XAI_Project/slices/Control/51476/slice_099.jpg,Control,6.091545401432086e-07,100.0,8,IG_Diverse,0.4897376
51476,/content/drive/MyDrive/ASD_XAI_Project/slices/Control/51476/slice_060.jpg,Control,5.24066479101748e-07,125.0,8,IG_Diverse,0.4902665
51476,/content/drive/MyDrive/ASD_XAI_Project/slices/Control/51476/slice_014.jpg,Control,4.42340475359515e-09,149.0,8,IG_Diverse,0.5231113
51476,/content/drive/MyDrive/ASD_XAI_Project/slices/Control/51476/slice_175.jpg,Control,4.964497909987209e-11,174.0,8,IG_Diverse,0.5228554
51476,/content/drive/MyDrive/ASD_XAI_Project/slices/Control/51476/slice_143.jpg,Control,1.2588581057570991e-06,1.0,10,IG_Diverse,0.43595648
51476,/content/drive/MyDrive/ASD_XAI_Project/slices/Control/51476/slice_133.jpg,Control,1.005898411676753e-06,20.0,10,IG_Diverse,0.46111372
51476,/content/drive/MyDrive/ASD_XAI_Project/slices/Control/51476/slice_131.jpg,Control,8.826226576275076e-07,39.0,10,IG_Diverse,0.46743238
51476,/content/drive/MyDrive/ASD_XAI_Project/slices/Control/51476/slice_051.jpg,Control,7.000035679993744e-07,59.0,10,IG_Diverse,0.48252332
51476,/content/drive/MyDrive/ASD_XAI_Project/slices/Control/51476/slice_091.jpg,Control,6.382166475304984e-07,78.0,10,IG_Diverse,0.48817173
51476,/content/drive/MyDrive/ASD_XAI_Project/slices/Control/51476/slice_070.jpg,Control,6.163621719679213e-07,97.0,10,IG_Diverse,0.48858607
51476,/content/drive/MyDrive/ASD_XAI_Project/slices/Control/51476/slice_121.jpg,Control,5.545003318729869e-07,116.0,10,IG_Diverse,0.49051404
51476,/content/drive/MyDrive/ASD_XAI_Project/slices/Control/51476/slice_111.jpg,Control,4.715814441169641e-07,136.0,10,IG_Diverse,0.49361822
51476,/content/drive/MyDrive/ASD_XAI_Project/slices/Control/51476/slice_165.jpg,Control,1.994322262888204e-09,155.0,10,IG_Diverse,0.52297467
51476,/content/drive/MyDrive/ASD_XAI_Project/slices/Control/51476/slice_175.jpg,Control,4.964497909987209e-11,174.0,10,IG_Diverse,0.5228554
51476,/content/drive/MyDrive/ASD_XAI_Project/slices/Control/51476/slice_143.jpg,Control,1.2588581057570991e-06,1.0,15,IG_Diverse,0.43595648
51476,/content/drive/MyDrive/ASD_XAI_Project/slices/Control/51476/slice_150.jpg,Control,1.0803928489622194e-06,13.0,15,IG_Diverse,0.44757038
51476,/content/drive/MyDrive/ASD_XAI_Project/slices/Control/51476/slice_029.jpg,Control,9.555420774631784e-07,26.0,15,IG_Diverse,0.45480794
51476,/content/drive/MyDrive/ASD_XAI_Project/slices/Control/51476/slice_130.jpg,Control,8.871023737810901e-07,38.0,15,IG_Diverse,0.47025657
51476,/content/drive/MyDrive/ASD_XAI_Project/slices/Control/51476/slice_153.jpg,Control,7.642016157660692e-07,50.0,15,IG_Diverse,0.46958932
51476,/content/drive/MyDrive/ASD_XAI_Project/slices/Control/51476/slice_125.jpg,Control,6.7030049422101e-07,63.0,15,IG_Diverse,0.48244512
51476,/content/drive/MyDrive/ASD_XAI_Project/slices/Control/51476/slice_080.jpg,Control,6.407281603060255e-07,75.0,15,IG_Diverse,0.4873409
51476,/content/drive/MyDrive/ASD_XAI_Project/slices/Control/51476/slice_078.jpg,Control,6.295410912571242e-07,87.0,15,IG_Diverse,0.48805693
51476,/content/drive/MyDrive/ASD_XAI_Project/slices/Control/51476/slice_099.jpg,Control,6.091545401432086e-07,100.0,15,IG_Diverse,0.4897376
51476,/content/drive/MyDrive/ASD_XAI_Project/slices/Control/51476/slice_119.jpg,Control,5.649886247738323e-07,112.0,15,IG_Diverse,0.48950464
51476,/content/drive/MyDrive/ASD_XAI_Project/slices/Control/51476/slice_060.jpg,Control,5.24066479101748e-07,125.0,15,IG_Diverse,0.4902665
51476,/content/drive/MyDrive/ASD_XAI_Project/slices/Control/51476/slice_019.jpg,Control,4.337215102623304e-07,137.0,15,IG_Diverse,0.4920047
51476,/content/drive/MyDrive/ASD_XAI_Project/slices/Control/51476/slice_014.jpg,Control,4.42340475359515e-09,149.0,15,IG_Diverse,0.5231113
51476,/content/drive/MyDrive/ASD_XAI_Project/slices/Control/51476/slice_168.jpg,Control,3.701765838304283e-10,162.0,15,IG_Diverse,0.5228711
51476,/content/drive/MyDrive/ASD_XAI_Project/slices/Control/51476/slice_175.jpg,Control,4.964497909987209e-11,174.0,15,IG_Diverse,0.5228554
51476,/content/drive/MyDrive/ASD_XAI_Project/slices/Control/51476/slice_143.jpg,Control,1.2588581057570991e-06,1.0,20,IG_Diverse,0.43595648
51476,/content/drive/MyDrive/ASD_XAI_Project/slices/Control/51476/slice_139.jpg,Control,1.1443895573393092e-06,10.0,20,IG_Diverse,0.44536257
51476,/content/drive/MyDrive/ASD_XAI_Project/slices/Control/51476/slice_134.jpg,Control,1.0096957794303307e-06,19.0,20,IG_Diverse,0.46025223
51476,/content/drive/MyDrive/ASD_XAI_Project/slices/Control/51476/slice_035.jpg,Control,9.51066851939686e-07,28.0,20,IG_Diverse,0.45879927
51476,/content/drive/MyDrive/ASD_XAI_Project/slices/Control/51476/slice_026.jpg,Control,9.159527962765424e-07,37.0,20,IG_Diverse,0.45957714
51476,/content/drive/MyDrive/ASD_XAI_Project/slices/Control/51476/slice_129.jpg,Control,8.148235792759806e-07,47.0,20,IG_Diverse,0.47367594
51476,/content/drive/MyDrive/ASD_XAI_Project/slices/Control/51476/slice_126.jpg,Control,7.07467279426055e-07,56.0,20,IG_Diverse,0.48106474
51476,/content/drive/MyDrive/ASD_XAI_Project/slices/Control/51476/slice_054.jpg,Control,6.587997063434159e-07,65.0,20,IG_Diverse,0.48410127
51476,/content/drive/MyDrive/ASD_XAI_Project/slices/Control/51476/slice_095.jpg,Control,6.428778078770847e-07,74.0,20,IG_Diverse,0.48747802
51476,/content/drive/MyDrive/ASD_XAI_Project/slices/Control/51476/slice_087.jpg,Control,6.341700213852164e-07,83.0,20,IG_Diverse,0.48780414
51476,/content/drive/MyDrive/ASD_XAI_Project/slices/Control/51476/slice_086.jpg,Control,6.230130793483113e-07,92.0,20,IG_Diverse,0.4873423
51476,/content/drive/MyDrive/ASD_XAI_Project/slices/Control/51476/slice_020.jpg,Control,6.01244437348214e-07,101.0,20,IG_Diverse,0.48282424
51476,/content/drive/MyDrive/ASD_XAI_Project/slices/Control/51476/slice_066.jpg,Control,5.767569177805854e-07,110.0,20,IG_Diverse,0.4894269
51476,/content/drive/MyDrive/ASD_XAI_Project/slices/Control/51476/slice_065.jpg,Control,5.475393436427112e-07,119.0,20,IG_Diverse,0.49056673
51476,/content/drive/MyDrive/ASD_XAI_Project/slices/Control/51476/slice_108.jpg,Control,5.120655259815976e-07,128.0,20,IG_Diverse,0.49238724
51476,/content/drive/MyDrive/ASD_XAI_Project/slices/Control/51476/slice_156.jpg,Control,3.11332428282185e-07,138.0,20,IG_Diverse,0.50331134
51476,/content/drive/MyDrive/ASD_XAI_Project/slices/Control/51476/slice_015.jpg,Control,1.2066656118747689e-08,147.0,20,IG_Diverse,0.5224933
51476,/content/drive/MyDrive/ASD_XAI_Project/slices/Control/51476/slice_166.jpg,Control,1.395357718259049e-09,156.0,20,IG_Diverse,0.52293175
51476,/content/drive/MyDrive/ASD_XAI_Project/slices/Control/51476/slice_005.jpg,Control,1.6211654241260476e-10,165.0,20,IG_Diverse,0.5228602
51476,/content/drive/MyDrive/ASD_XAI_Project/slices/Control/51476/slice_175.jpg,Control,4.964497909987209e-11,174.0,20,IG_Diverse,0.5228554
51487,/content/drive/MyDrive/ASD_XAI_Project/slices/Control/51487/slice_146.jpg,Control,9.87602675195376e-07,1.0,5,IG_Diverse,0.45491838
51487,/content/drive/MyDrive/ASD_XAI_Project/slices/Control/51487/slice_032.jpg,Control,5.453190965454269e-07,45.0,5,IG_Diverse,0.49127162
51487,/content/drive/MyDrive/ASD_XAI_Project/slices/Control/51487/slice_106.jpg,Control,3.1478339224122465e-07,89.0,5,IG_Diverse,0.50579995
51487,/content/drive/MyDrive/ASD_XAI_Project/slices/Control/51487/slice_076.jpg,Control,2.233692981690183e-07,132.0,5,IG_Diverse,0.51059157
51487,/content/drive/MyDrive/ASD_XAI_Project/slices/Control/51487/slice_000.jpg,Control,3.5534124254166244e-11,176.0,5,IG_Diverse,0.5228577
51487,/content/drive/MyDrive/ASD_XAI_Project/slices/Control/51487/slice_146.jpg,Control,9.87602675195376e-07,1.0,8,IG_Diverse,0.45491838
51487,/content/drive/MyDrive/ASD_XAI_Project/slices/Control/51487/slice_034.jpg,Control,6.510513230750803e-07,26.0,8,IG_Diverse,0.48714808
51487,/content/drive/MyDrive/ASD_XAI_Project/slices/Control/51487/slice_043.jpg,Control,5.220303478381538e-07,51.0,8,IG_Diverse,0.49281257
51487,/content/drive/MyDrive/ASD_XAI_Project/slices/Control/51487/slice_116.jpg,Control,3.817322351551411e-07,76.0,8,IG_Diverse,0.50158036
51487,/content/drive/MyDrive/ASD_XAI_Project/slices/Control/51487/slice_100.jpg,Control,2.829087293321209e-07,101.0,8,IG_Diverse,0.5079211
51487,/content/drive/MyDrive/ASD_XAI_Project/slices/Control/51487/slice_095.jpg,Control,2.2801316390541615e-07,126.0,8,IG_Diverse,0.51053905
51487,/content/drive/MyDrive/ASD_XAI_Project/slices/Control/51487/slice_013.jpg,Control,5.661904722842337e-09,151.0,8,IG_Diverse,0.52319086
51487,/content/drive/MyDrive/ASD_XAI_Project/slices/Control/51487/slice_000.jpg,Control,3.5534124254166244e-11,176.0,8,IG_Diverse,0.5228577
51487,/content/drive/MyDrive/ASD_XAI_Project/slices/Control/51487/slice_146.jpg,Control,9.87602675195376e-07,1.0,10,IG_Diverse,0.45491838
51487,/content/drive/MyDrive/ASD_XAI_Project/slices/Control/51487/slice_135.jpg,Control,7.714525622759538e-07,20.0,10,IG_Diverse,0.4716816
51487,/content/drive/MyDrive/ASD_XAI_Project/slices/Control/51487/slice_031.jpg,Control,5.717679414374288e-07,40.0,10,IG_Diverse,0.49180785
51487,/content/drive/MyDrive/ASD_XAI_Project/slices/Control/51487/slice_050.jpg,Control,4.829419140151003e-07,59.0,10,IG_Diverse,0.49794003
51487,/content/drive/MyDrive/ASD_XAI_Project/slices/Control/51487/slice_120.jpg,Control,3.6655569601862236e-07,79.0,10,IG_Diverse,0.5010307
51487,/content/drive/MyDrive/ASD_XAI_Project/slices/Control/51487/slice_061.jpg,Control,2.935090037681221e-07,98.0,10,IG_Diverse,0.5091191
51487,/content/drive/MyDrive/ASD_XAI_Project/slices/Control/51487/slice_082.jpg,Control,2.489740893452108e-07,118.0,10,IG_Diverse,0.5091002
51487,/content/drive/MyDrive/ASD_XAI_Project/slices/Control/51487/slice_080.jpg,Control,2.183936373967299e-07,137.0,10,IG_Diverse,0.5108788
51487,/content/drive/MyDrive/ASD_XAI_Project/slices/Control/51487/slice_166.jpg,Control,1.9600665535079997e-09,157.0,10,IG_Diverse,0.522968
51487,/content/drive/MyDrive/ASD_XAI_Project/slices/Control/51487/slice_000.jpg,Control,3.5534124254166244e-11,176.0,10,IG_Diverse,0.5228577
51487,/content/drive/MyDrive/ASD_XAI_Project/slices/Control/51487/slice_146.jpg,Control,9.87602675195376e-07,1.0,15,IG_Diverse,0.45491838
51487,/content/drive/MyDrive/ASD_XAI_Project/slices/Control/51487/slice_139.jpg,Control,8.757949672144605e-07,13.0,15,IG_Diverse,0.4648629
51487,/content/drive/MyDrive/ASD_XAI_Project/slices/Control/51487/slice_034.jpg,Control,6.510513230750803e-07,26.0,15,IG_Diverse,0.48714808
51487,/content/drive/MyDrive/ASD_XAI_Project/slices/Control/51487/slice_041.jpg,Control,5.810312586618238e-07,39.0,15,IG_Diverse,0.4922615
51487,/content/drive/MyDrive/ASD_XAI_Project/slices/Control/51487/slice_043.jpg,Control,5.220303478381538e-07,51.0,15,IG_Diverse,0.49281257
51487,/content/drive/MyDrive/ASD_XAI_Project/slices/Control/51487/slice_053.jpg,Control,4.5919676949779387e-07,63.0,15,IG_Diverse,0.49776387
51487,/content/drive/MyDrive/ASD_XAI_Project/slices/Control/51487/slice_116.jpg,Control,3.817322351551411e-07,76.0,15,IG_Diverse,0.50158036
51487,/content/drive/MyDrive/ASD_XAI_Project/slices/Control/51487/slice_106.jpg,Control,3.1478339224122465e-07,89.0,15,IG_Diverse,0.50579995
51487,/content/drive/MyDrive/ASD_XAI_Project/slices/Control/51487/slice_100.jpg,Control,2.829087293321209e-07,101.0,15,IG_Diverse,0.5079211
51487,/content/drive/MyDrive/ASD_XAI_Project/slices/Control/51487/slice_023.jpg,Control,2.6483442638891574e-07,113.0,15,IG_Diverse,0.5068894
51487,/content/drive/MyDrive/ASD_XAI_Project/slices/Control/51487/slice_095.jpg,Control,2.2801316390541615e-07,126.0,15,IG_Diverse,0.51053905
51487,/content/drive/MyDrive/ASD_XAI_Project/slices/Control/51487/slice_021.jpg,Control,2.145326476465925e-07,139.0,15,IG_Diverse,0.5098919
51487,/content/drive/MyDrive/ASD_XAI_Project/slices/Control/51487/slice_013.jpg,Control,5.661904722842337e-09,151.0,15,IG_Diverse,0.52319086
51487,/content/drive/MyDrive/ASD_XAI_Project/slices/Control/51487/slice_006.jpg,Control,7.140338875721851e-10,163.0,15,IG_Diverse,0.5228907
51487,/content/drive/MyDrive/ASD_XAI_Project/slices/Control/51487/slice_000.jpg,Control,3.5534124254166244e-11,176.0,15,IG_Diverse,0.5228577
51487,/content/drive/MyDrive/ASD_XAI_Project/slices/Control/51487/slice_146.jpg,Control,9.87602675195376e-07,1.0,20,IG_Diverse,0.45491838
51487,/content/drive/MyDrive/ASD_XAI_Project/slices/Control/51487/slice_151.jpg,Control,9.200863360092626e-07,10.0,20,IG_Diverse,0.46054012
51487,/content/drive/MyDrive/ASD_XAI_Project/slices/Control/51487/slice_136.jpg,Control,8.1205826063524e-07,19.0,20,IG_Diverse,0.46971896
51487,/content/drive/MyDrive/ASD_XAI_Project/slices/Control/51487/slice_130.jpg,Control,6.187036660776357e-07,29.0,20,IG_Diverse,0.48396954
51487,/content/drive/MyDrive/ASD_XAI_Project/slices/Control/51487/slice_039.jpg,Control,5.834360763401492e-07,38.0,20,IG_Diverse,0.48669904
51487,/content/drive/MyDrive/ASD_XAI_Project/slices/Control/51487/slice_048.jpg,Control,5.379484946388402e-07,47.0,20,IG_Diverse,0.49328196
51487,/content/drive/MyDrive/ASD_XAI_Project/slices/Control/51487/slice_052.jpg,Control,4.918185823044041e-07,56.0,20,IG_Diverse,0.49688074
51487,/content/drive/MyDrive/ASD_XAI_Project/slices/Control/51487/slice_055.jpg,Control,4.520576339928084e-07,65.0,20,IG_Diverse,0.49860978
51487,/content/drive/MyDrive/ASD_XAI_Project/slices/Control/51487/slice_118.jpg,Control,3.858173442949919e-07,75.0,20,IG_Diverse,0.5006736
51487,/content/drive/MyDrive/ASD_XAI_Project/slices/Control/51487/slice_113.jpg,Control,3.290737993211224e-07,84.0,20,IG_Diverse,0.50544375
51487,/content/drive/MyDrive/ASD_XAI_Project/slices/Control/51487/slice_109.jpg,Control,3.086784943207022e-07,93.0,20,IG_Diverse,0.5062051
51487,/content/drive/MyDrive/ASD_XAI_Project/slices/Control/51487/slice_103.jpg,Control,2.796617479816632e-07,102.0,20,IG_Diverse,0.5078961
51487,/content/drive/MyDrive/ASD_XAI_Project/slices/Control/51487/slice_077.jpg,Control,2.654761885878543e-07,112.0,20,IG_Diverse,0.5083329
51487,/content/drive/MyDrive/ASD_XAI_Project/slices/Control/51487/slice_093.jpg,Control,2.432943801977672e-07,121.0,20,IG_Diverse,0.51013345
51487,/content/drive/MyDrive/ASD_XAI_Project/slices/Control/51487/slice_088.jpg,Control,2.261535172465301e-07,130.0,20,IG_Diverse,0.511022
51487,/content/drive/MyDrive/ASD_XAI_Project/slices/Control/51487/slice_021.jpg,Control,2.145326476465925e-07,139.0,20,IG_Diverse,0.5098919
51487,/content/drive/MyDrive/ASD_XAI_Project/slices/Control/51487/slice_016.jpg,Control,1.7704765653547838e-08,148.0,20,IG_Diverse,0.5226497
51487,/content/drive/MyDrive/ASD_XAI_Project/slices/Control/51487/slice_009.jpg,Control,1.8060345441384131e-09,158.0,20,IG_Diverse,0.52295446
51487,/content/drive/MyDrive/ASD_XAI_Project/slices/Control/51487/slice_170.jpg,Control,3.3392563714151885e-10,167.0,20,IG_Diverse,0.5228707
51487,/content/drive/MyDrive/ASD_XAI_Project/slices/Control/51487/slice_000.jpg,Control,3.5534124254166244e-11,176.0,20,IG_Diverse,0.5228577
