K,SUB_ID,TRUE_LABEL,MEAN_PROBABILITY,PREDICTED_LABEL,CORRECT
5,51460,ASD,0.49232253,Control,False
5,51463,ASD,0.5061418,ASD,True
5,51466,ASD,0.5035234,ASD,True
5,51475,Control,0.4876644,Control,True
5,51476,Control,0.4817713,Control,True
5,51487,Control,0.4970878,Control,True
8,51460,ASD,0.4933944,Control,False
8,51463,ASD,0.5068836,ASD,True
8,51466,ASD,0.50465137,ASD,True
8,51475,Control,0.49090976,Control,True
8,51476,Control,0.48420817,Control,True
8,51487,Control,0.500121,ASD,False
10,51460,ASD,0.4944097,Control,False
10,51463,ASD,0.50711536,ASD,True
10,51466,ASD,0.5038308,ASD,True
10,51475,Control,0.4902524,Control,True
10,51476,Control,0.4853746,Control,True
10,51487,Control,0.4992302,Control,True
15,51460,ASD,0.4934327,Control,False
15,51463,ASD,0.5071376,ASD,True
15,51466,ASD,0.5048161,ASD,True
15,51475,Control,0.49046338,Control,True
15,51476,Control,0.484425,Control,True
15,51487,Control,0.5000886,ASD,False
20,51460,ASD,0.49420303,Control,False
20,51463,ASD,0.5080192,ASD,True
20,51466,ASD,0.5044096,ASD,True
20,51475,Control,0.49004573,Control,True
20,51476,Control,0.4855536,Control,True
20,51487,Control,0.4997775,Control,True
