SUB_ID,SLICE_PATH,LABEL,IG_SCORE,IG_RANK,SLICE_INDEX,REGION
51460,/content/drive/MyDrive/ASD_XAI_Project/slices/ASD/51460/slice_016.jpg,ASD,3.0134143003124336e-07,114.0,16,1
51460,/content/drive/MyDrive/ASD_XAI_Project/slices/ASD/51460/slice_026.jpg,ASD,9.728561281008297e-07,18.0,26,2
51460,/content/drive/MyDrive/ASD_XAI_Project/slices/ASD/51460/slice_035.jpg,ASD,9.23323057122616e-07,24.0,35,3
51460,/content/drive/MyDrive/ASD_XAI_Project/slices/ASD/51460/slice_052.jpg,ASD,6.700868198095122e-07,61.0,52,4
51460,/content/drive/MyDrive/ASD_XAI_Project/slices/ASD/51460/slice_070.jpg,ASD,3.565193935628486e-07,93.0,70,5
51460,/content/drive/MyDrive/ASD_XAI_Project/slices/ASD/51460/slice_091.jpg,ASD,2.786356105843879e-07,118.0,91,6
51460,/content/drive/MyDrive/ASD_XAI_Project/slices/ASD/51460/slice_120.jpg,ASD,5.905500302105793e-07,65.0,120,7
51460,/content/drive/MyDrive/ASD_XAI_Project/slices/ASD/51460/slice_139.jpg,ASD,1.1287967254247633e-06,10.0,139,8
51460,/content/drive/MyDrive/ASD_XAI_Project/slices/ASD/51460/slice_148.jpg,ASD,1.2916590321765398e-06,1.0,148,9
51460,/content/drive/MyDrive/ASD_XAI_Project/slices/ASD/51460/slice_158.jpg,ASD,1.222618237761708e-07,144.0,158,10
51463,/content/drive/MyDrive/ASD_XAI_Project/slices/ASD/51463/slice_016.jpg,ASD,2.332977366847899e-09,148.0,16,1
51463,/content/drive/MyDrive/ASD_XAI_Project/slices/ASD/51463/slice_031.jpg,ASD,7.292763370969624e-07,1.0,31,2
51463,/content/drive/MyDrive/ASD_XAI_Project/slices/ASD/51463/slice_035.jpg,ASD,6.688219968964404e-07,6.0,35,3
51463,/content/drive/MyDrive/ASD_XAI_Project/slices/ASD/51463/slice_054.jpg,ASD,3.185553509865713e-07,56.0,54,4
51463,/content/drive/MyDrive/ASD_XAI_Project/slices/ASD/51463/slice_079.jpg,ASD,1.440304373545587e-07,84.0,79,5
51463,/content/drive/MyDrive/ASD_XAI_Project/slices/ASD/51463/slice_089.jpg,ASD,1.168670351603396e-07,113.0,89,6
51463,/content/drive/MyDrive/ASD_XAI_Project/slices/ASD/51463/slice_122.jpg,ASD,1.924601917835389e-07,75.0,122,7
51463,/content/drive/MyDrive/ASD_XAI_Project/slices/ASD/51463/slice_139.jpg,ASD,5.425341100817604e-07,27.0,139,8
51463,/content/drive/MyDrive/ASD_XAI_Project/slices/ASD/51463/slice_142.jpg,ASD,6.405192038982932e-07,9.0,142,9
51463,/content/drive/MyDrive/ASD_XAI_Project/slices/ASD/51463/slice_158.jpg,ASD,9.93242394997651e-08,139.0,158,10
51466,/content/drive/MyDrive/ASD_XAI_Project/slices/ASD/51466/slice_016.jpg,ASD,4.45565939699577e-09,149.0,16,1
51466,/content/drive/MyDrive/ASD_XAI_Project/slices/ASD/51466/slice_029.jpg,ASD,8.557855721846863e-07,1.0,29,2
51466,/content/drive/MyDrive/ASD_XAI_Project/slices/ASD/51466/slice_037.jpg,ASD,8.15122746189445e-07,4.0,37,3
51466,/content/drive/MyDrive/ASD_XAI_Project/slices/ASD/51466/slice_054.jpg,ASD,4.2969955416083394e-07,53.0,54,4
51466,/content/drive/MyDrive/ASD_XAI_Project/slices/ASD/51466/slice_074.jpg,ASD,1.621266392248799e-07,88.0,74,5
51466,/content/drive/MyDrive/ASD_XAI_Project/slices/ASD/51466/slice_104.jpg,ASD,1.3052400049673454e-07,107.0,104,6
51466,/content/drive/MyDrive/ASD_XAI_Project/slices/ASD/51466/slice_122.jpg,ASD,1.852536115620751e-07,84.0,122,7
51466,/content/drive/MyDrive/ASD_XAI_Project/slices/ASD/51466/slice_137.jpg,ASD,6.464607622547192e-07,33.0,137,8
51466,/content/drive/MyDrive/ASD_XAI_Project/slices/ASD/51466/slice_154.jpg,ASD,8.270362741313875e-07,2.0,154,9
51466,/content/drive/MyDrive/ASD_XAI_Project/slices/ASD/51466/slice_158.jpg,ASD,5.712191750717466e-07,42.0,158,10
51475,/content/drive/MyDrive/ASD_XAI_Project/slices/Control/51475/slice_016.jpg,Control,2.3022404604944318e-07,146.0,16,1
51475,/content/drive/MyDrive/ASD_XAI_Project/slices/Control/51475/slice_030.jpg,Control,9.951900210580789e-07,10.0,30,2
51475,/content/drive/MyDrive/ASD_XAI_Project/slices/Control/51475/slice_035.jpg,Control,9.84708094620146e-07,11.0,35,3
51475,/content/drive/MyDrive/ASD_XAI_Project/slices/Control/51475/slice_053.jpg,Control,7.063460998324445e-07,53.0,53,4
51475,/content/drive/MyDrive/ASD_XAI_Project/slices/Control/51475/slice_082.jpg,Control,6.055623202882998e-07,73.0,82,5
51475,/content/drive/MyDrive/ASD_XAI_Project/slices/Control/51475/slice_095.jpg,Control,6.898037554492475e-07,59.0,95,6
51475,/content/drive/MyDrive/ASD_XAI_Project/slices/Control/51475/slice_122.jpg,Control,4.956955876878055e-07,96.0,122,7
51475,/content/drive/MyDrive/ASD_XAI_Project/slices/Control/51475/slice_138.jpg,Control,8.564473432670638e-07,30.0,138,8
51475,/content/drive/MyDrive/ASD_XAI_Project/slices/Control/51475/slice_148.jpg,Control,1.1328639857310918e-06,1.0,148,9
51475,/content/drive/MyDrive/ASD_XAI_Project/slices/Control/51475/slice_158.jpg,Control,6.595587933588831e-07,63.0,158,10
51476,/content/drive/MyDrive/ASD_XAI_Project/slices/Control/51476/slice_018.jpg,Control,2.868069941541762e-07,139.0,18,1
51476,/content/drive/MyDrive/ASD_XAI_Project/slices/Control/51476/slice_033.jpg,Control,1.0206405249846284e-06,18.0,33,2
51476,/content/drive/MyDrive/ASD_XAI_Project/slices/Control/51476/slice_038.jpg,Control,9.775714033821714e-07,21.0,38,3
51476,/content/drive/MyDrive/ASD_XAI_Project/slices/Control/51476/slice_054.jpg,Control,6.587997063434159e-07,65.0,54,4
51476,/content/drive/MyDrive/ASD_XAI_Project/slices/Control/51476/slice_083.jpg,Control,6.613520895371039e-07,64.0,83,5
51476,/content/drive/MyDrive/ASD_XAI_Project/slices/Control/51476/slice_097.jpg,Control,6.555925438078702e-07,66.0,97,6
51476,/content/drive/MyDrive/ASD_XAI_Project/slices/Control/51476/slice_117.jpg,Control,5.859274665453995e-07,106.0,117,7
51476,/content/drive/MyDrive/ASD_XAI_Project/slices/Control/51476/slice_138.jpg,Control,1.184033294521214e-06,7.0,138,8
51476,/content/drive/MyDrive/ASD_XAI_Project/slices/Control/51476/slice_143.jpg,Control,1.2588581057570991e-06,1.0,143,9
51476,/content/drive/MyDrive/ASD_XAI_Project/slices/Control/51476/slice_159.jpg,Control,1.568331242651766e-07,142.0,159,10
51487,/content/drive/MyDrive/ASD_XAI_Project/slices/Control/51487/slice_016.jpg,Control,1.7704765653547838e-08,148.0,16,1
51487,/content/drive/MyDrive/ASD_XAI_Project/slices/Control/51487/slice_034.jpg,Control,6.510513230750803e-07,26.0,34,2
51487,/content/drive/MyDrive/ASD_XAI_Project/slices/Control/51487/slice_035.jpg,Control,6.464860575761122e-07,28.0,35,3
51487,/content/drive/MyDrive/ASD_XAI_Project/slices/Control/51487/slice_052.jpg,Control,4.918185823044041e-07,56.0,52,4
51487,/content/drive/MyDrive/ASD_XAI_Project/slices/Control/51487/slice_072.jpg,Control,2.77112320645756e-07,105.0,72,5
51487,/content/drive/MyDrive/ASD_XAI_Project/slices/Control/51487/slice_104.jpg,Control,2.946098049960711e-07,96.0,104,6
51487,/content/drive/MyDrive/ASD_XAI_Project/slices/Control/51487/slice_122.jpg,Control,4.330549074893497e-07,67.0,122,7
51487,/content/drive/MyDrive/ASD_XAI_Project/slices/Control/51487/slice_139.jpg,Control,8.757949672144605e-07,13.0,139,8
51487,/content/drive/MyDrive/ASD_XAI_Project/slices/Control/51487/slice_146.jpg,Control,9.87602675195376e-07,1.0,146,9
51487,/content/drive/MyDrive/ASD_XAI_Project/slices/Control/51487/slice_158.jpg,Control,5.121816570863302e-07,52.0,158,10
